[2026-05-12T17:48:34.272+0000] {manager.py:470} INFO - Processing files using up to 2 processes at a time 
[2026-05-12T17:48:34.274+0000] {manager.py:471} INFO - Process each file at most once every 30 seconds
[2026-05-12T17:48:34.276+0000] {manager.py:472} INFO - Checking for new files in /opt/airflow/dags every 300 seconds
[2026-05-12T17:48:34.278+0000] {manager.py:737} INFO - Searching for files in /opt/airflow/dags
[2026-05-12T17:48:34.285+0000] {manager.py:740} INFO - There are 0 files in /opt/airflow/dags
[2026-05-12T17:53:34.785+0000] {manager.py:737} INFO - Searching for files in /opt/airflow/dags
[2026-05-12T17:53:34.794+0000] {manager.py:740} INFO - There are 0 files in /opt/airflow/dags
[2026-05-12T18:31:35.209+0000] {manager.py:737} INFO - Searching for files in /opt/airflow/dags
[2026-05-12T18:31:35.903+0000] {manager.py:740} INFO - There are 0 files in /opt/airflow/dags
[2026-05-12T18:41:47.622+0000] {manager.py:470} INFO - Processing files using up to 2 processes at a time 
[2026-05-12T18:41:47.626+0000] {manager.py:471} INFO - Process each file at most once every 30 seconds
[2026-05-12T18:41:47.628+0000] {manager.py:472} INFO - Checking for new files in /opt/airflow/dags every 300 seconds
[2026-05-12T18:41:47.631+0000] {manager.py:737} INFO - Searching for files in /opt/airflow/dags
[2026-05-12T18:41:47.643+0000] {manager.py:740} INFO - There are 0 files in /opt/airflow/dags
[2026-05-12T18:46:48.525+0000] {manager.py:737} INFO - Searching for files in /opt/airflow/dags
[2026-05-12T18:46:48.538+0000] {manager.py:740} INFO - There are 0 files in /opt/airflow/dags
[2026-05-12T18:51:49.362+0000] {manager.py:737} INFO - Searching for files in /opt/airflow/dags
[2026-05-12T18:51:49.379+0000] {manager.py:740} INFO - There are 0 files in /opt/airflow/dags
[2026-05-12T19:24:40.302+0000] {manager.py:737} INFO - Searching for files in /opt/airflow/dags
[2026-05-12T19:24:40.742+0000] {manager.py:740} INFO - There are 0 files in /opt/airflow/dags
[2026-05-12T19:29:40.792+0000] {manager.py:737} INFO - Searching for files in /opt/airflow/dags
[2026-05-12T19:29:40.803+0000] {manager.py:740} INFO - There are 0 files in /opt/airflow/dags
[2026-05-12T19:34:41.729+0000] {manager.py:737} INFO - Searching for files in /opt/airflow/dags
[2026-05-12T19:34:41.743+0000] {manager.py:740} INFO - There are 0 files in /opt/airflow/dags
[2026-05-12T19:39:41.739+0000] {manager.py:737} INFO - Searching for files in /opt/airflow/dags
[2026-05-12T19:39:41.752+0000] {manager.py:740} INFO - There are 0 files in /opt/airflow/dags
[2026-05-12T19:44:42.645+0000] {manager.py:737} INFO - Searching for files in /opt/airflow/dags
[2026-05-12T19:44:42.655+0000] {manager.py:740} INFO - There are 0 files in /opt/airflow/dags
[2026-05-12T19:49:43.557+0000] {manager.py:737} INFO - Searching for files in /opt/airflow/dags
[2026-05-12T19:49:43.568+0000] {manager.py:740} INFO - There are 0 files in /opt/airflow/dags
[2026-05-12T19:57:51.130+0000] {manager.py:737} INFO - Searching for files in /opt/airflow/dags
[2026-05-12T19:57:51.148+0000] {manager.py:740} INFO - There are 0 files in /opt/airflow/dags
[2026-05-12T20:02:51.148+0000] {manager.py:737} INFO - Searching for files in /opt/airflow/dags
[2026-05-12T20:02:51.161+0000] {manager.py:740} INFO - There are 0 files in /opt/airflow/dags
[2026-05-12T20:07:52.099+0000] {manager.py:737} INFO - Searching for files in /opt/airflow/dags
[2026-05-12T20:07:52.108+0000] {manager.py:740} INFO - There are 0 files in /opt/airflow/dags
[2026-05-12T20:12:52.202+0000] {manager.py:737} INFO - Searching for files in /opt/airflow/dags
[2026-05-12T20:12:52.217+0000] {manager.py:740} INFO - There are 0 files in /opt/airflow/dags
[2026-05-12T20:17:52.268+0000] {manager.py:737} INFO - Searching for files in /opt/airflow/dags
[2026-05-12T20:17:52.282+0000] {manager.py:740} INFO - There are 0 files in /opt/airflow/dags
[2026-05-12T20:22:53.205+0000] {manager.py:737} INFO - Searching for files in /opt/airflow/dags
[2026-05-12T20:22:53.221+0000] {manager.py:740} INFO - There are 0 files in /opt/airflow/dags
[2026-05-12T20:27:53.240+0000] {manager.py:737} INFO - Searching for files in /opt/airflow/dags
[2026-05-12T20:27:53.252+0000] {manager.py:740} INFO - There are 0 files in /opt/airflow/dags
[2026-05-12T20:32:54.191+0000] {manager.py:737} INFO - Searching for files in /opt/airflow/dags
[2026-05-12T20:32:54.204+0000] {manager.py:740} INFO - There are 0 files in /opt/airflow/dags
[2026-05-12T20:37:55.146+0000] {manager.py:737} INFO - Searching for files in /opt/airflow/dags
[2026-05-12T20:37:55.160+0000] {manager.py:740} INFO - There are 0 files in /opt/airflow/dags
[2026-05-12T20:42:56.137+0000] {manager.py:737} INFO - Searching for files in /opt/airflow/dags
[2026-05-12T20:42:56.151+0000] {manager.py:740} INFO - There are 0 files in /opt/airflow/dags
[2026-05-12T20:43:48.845+0000] {manager.py:452} INFO - Exiting gracefully upon receiving signal 15
[2026-05-13T08:40:01.263+0000] {manager.py:470} INFO - Processing files using up to 2 processes at a time 
[2026-05-13T08:40:01.266+0000] {manager.py:471} INFO - Process each file at most once every 30 seconds
[2026-05-13T08:40:01.268+0000] {manager.py:472} INFO - Checking for new files in /opt/airflow/dags every 300 seconds
[2026-05-13T08:40:01.269+0000] {manager.py:737} INFO - Searching for files in /opt/airflow/dags
[2026-05-13T08:40:01.275+0000] {manager.py:740} INFO - There are 0 files in /opt/airflow/dags
[2026-05-13T08:41:02.719+0000] {manager.py:452} INFO - Exiting gracefully upon receiving signal 15
[2026-05-13T08:43:16.102+0000] {manager.py:470} INFO - Processing files using up to 2 processes at a time 
[2026-05-13T08:43:16.104+0000] {manager.py:471} INFO - Process each file at most once every 30 seconds
[2026-05-13T08:43:16.105+0000] {manager.py:472} INFO - Checking for new files in /opt/airflow/dags every 300 seconds
[2026-05-13T08:43:16.106+0000] {manager.py:737} INFO - Searching for files in /opt/airflow/dags
[2026-05-13T08:43:16.112+0000] {manager.py:740} INFO - There are 0 files in /opt/airflow/dags
[2026-05-13T08:48:16.630+0000] {manager.py:737} INFO - Searching for files in /opt/airflow/dags
[2026-05-13T08:48:16.638+0000] {manager.py:740} INFO - There are 0 files in /opt/airflow/dags
[2026-05-13T08:53:17.033+0000] {manager.py:737} INFO - Searching for files in /opt/airflow/dags
[2026-05-13T08:53:17.040+0000] {manager.py:740} INFO - There are 0 files in /opt/airflow/dags
[2026-05-13T08:58:17.425+0000] {manager.py:737} INFO - Searching for files in /opt/airflow/dags
[2026-05-13T08:58:17.455+0000] {manager.py:740} INFO - There are 0 files in /opt/airflow/dags
[2026-05-13T09:03:18.097+0000] {manager.py:737} INFO - Searching for files in /opt/airflow/dags
[2026-05-13T09:03:18.114+0000] {manager.py:740} INFO - There are 0 files in /opt/airflow/dags
[2026-05-13T09:08:18.766+0000] {manager.py:737} INFO - Searching for files in /opt/airflow/dags
[2026-05-13T09:08:18.775+0000] {manager.py:740} INFO - There are 0 files in /opt/airflow/dags
[2026-05-13T09:13:19.332+0000] {manager.py:737} INFO - Searching for files in /opt/airflow/dags
[2026-05-13T09:13:19.341+0000] {manager.py:740} INFO - There are 0 files in /opt/airflow/dags
[2026-05-13T09:18:19.882+0000] {manager.py:737} INFO - Searching for files in /opt/airflow/dags
[2026-05-13T09:18:19.890+0000] {manager.py:740} INFO - There are 0 files in /opt/airflow/dags
[2026-05-13T09:23:20.378+0000] {manager.py:737} INFO - Searching for files in /opt/airflow/dags
[2026-05-13T09:23:20.393+0000] {manager.py:740} INFO - There are 0 files in /opt/airflow/dags
[2026-05-13T09:28:20.879+0000] {manager.py:737} INFO - Searching for files in /opt/airflow/dags
[2026-05-13T09:28:20.890+0000] {manager.py:740} INFO - There are 0 files in /opt/airflow/dags
[2026-05-13T09:33:21.393+0000] {manager.py:737} INFO - Searching for files in /opt/airflow/dags
[2026-05-13T09:33:21.407+0000] {manager.py:740} INFO - There are 0 files in /opt/airflow/dags
[2026-05-13T09:38:21.866+0000] {manager.py:737} INFO - Searching for files in /opt/airflow/dags
[2026-05-13T09:38:21.933+0000] {manager.py:740} INFO - There are 0 files in /opt/airflow/dags
[2026-05-13T09:43:22.382+0000] {manager.py:737} INFO - Searching for files in /opt/airflow/dags
[2026-05-13T09:43:22.427+0000] {manager.py:740} INFO - There are 0 files in /opt/airflow/dags
[2026-05-13T09:48:22.783+0000] {manager.py:737} INFO - Searching for files in /opt/airflow/dags
[2026-05-13T09:48:22.793+0000] {manager.py:740} INFO - There are 0 files in /opt/airflow/dags
[2026-05-13T09:53:23.177+0000] {manager.py:737} INFO - Searching for files in /opt/airflow/dags
[2026-05-13T09:53:23.214+0000] {manager.py:740} INFO - There are 0 files in /opt/airflow/dags
[2026-05-13T09:58:23.639+0000] {manager.py:737} INFO - Searching for files in /opt/airflow/dags
[2026-05-13T09:58:23.657+0000] {manager.py:740} INFO - There are 0 files in /opt/airflow/dags
[2026-05-13T10:03:24.203+0000] {manager.py:737} INFO - Searching for files in /opt/airflow/dags
[2026-05-13T10:03:24.213+0000] {manager.py:740} INFO - There are 0 files in /opt/airflow/dags
[2026-05-13T10:08:24.754+0000] {manager.py:737} INFO - Searching for files in /opt/airflow/dags
[2026-05-13T10:08:24.779+0000] {manager.py:740} INFO - There are 0 files in /opt/airflow/dags
[2026-05-13T10:13:25.337+0000] {manager.py:737} INFO - Searching for files in /opt/airflow/dags
[2026-05-13T10:13:25.348+0000] {manager.py:740} INFO - There are 0 files in /opt/airflow/dags
[2026-05-13T10:18:25.871+0000] {manager.py:737} INFO - Searching for files in /opt/airflow/dags
[2026-05-13T10:18:25.879+0000] {manager.py:740} INFO - There are 0 files in /opt/airflow/dags
[2026-05-13T10:23:26.370+0000] {manager.py:737} INFO - Searching for files in /opt/airflow/dags
[2026-05-13T10:23:26.377+0000] {manager.py:740} INFO - There are 0 files in /opt/airflow/dags
[2026-05-13T10:28:26.937+0000] {manager.py:737} INFO - Searching for files in /opt/airflow/dags
[2026-05-13T10:28:26.947+0000] {manager.py:740} INFO - There are 0 files in /opt/airflow/dags
[2026-05-13T10:33:27.453+0000] {manager.py:737} INFO - Searching for files in /opt/airflow/dags
[2026-05-13T10:33:27.463+0000] {manager.py:740} INFO - There are 0 files in /opt/airflow/dags
[2026-05-13T10:38:27.981+0000] {manager.py:737} INFO - Searching for files in /opt/airflow/dags
[2026-05-13T10:38:28.002+0000] {manager.py:740} INFO - There are 0 files in /opt/airflow/dags
[2026-05-13T10:43:28.560+0000] {manager.py:737} INFO - Searching for files in /opt/airflow/dags
[2026-05-13T10:43:28.625+0000] {manager.py:740} INFO - There are 1 files in /opt/airflow/dags
[2026-05-13T10:43:53.150+0000] {manager.py:878} INFO - 
================================================================================
DAG File Processing Stats

File Path                              PID    Runtime      # DAGs    # Errors  Last Runtime    Last Run
-------------------------------------  -----  ---------  --------  ----------  --------------  -------------------
/opt/airflow/dags/youtube_pipeline.py                           0           1  0.28s           2026-05-13T10:43:29
================================================================================
[2026-05-13T10:44:23.433+0000] {manager.py:878} INFO - 
================================================================================
DAG File Processing Stats

File Path                              PID    Runtime      # DAGs    # Errors  Last Runtime    Last Run
-------------------------------------  -----  ---------  --------  ----------  --------------  -------------------
/opt/airflow/dags/youtube_pipeline.py                           0           1  0.08s           2026-05-13T10:43:59
================================================================================
[2026-05-13T10:44:53.742+0000] {manager.py:878} INFO - 
================================================================================
DAG File Processing Stats

File Path                              PID    Runtime      # DAGs    # Errors  Last Runtime    Last Run
-------------------------------------  -----  ---------  --------  ----------  --------------  -------------------
/opt/airflow/dags/youtube_pipeline.py                           0           1  0.08s           2026-05-13T10:44:29
================================================================================
[2026-05-13T10:45:24.006+0000] {manager.py:878} INFO - 
================================================================================
DAG File Processing Stats

File Path                              PID    Runtime      # DAGs    # Errors  Last Runtime    Last Run
-------------------------------------  -----  ---------  --------  ----------  --------------  -------------------
/opt/airflow/dags/youtube_pipeline.py                           0           1  0.08s           2026-05-13T10:44:59
================================================================================
[2026-05-13T10:45:54.343+0000] {manager.py:878} INFO - 
================================================================================
DAG File Processing Stats

File Path                              PID    Runtime      # DAGs    # Errors  Last Runtime    Last Run
-------------------------------------  -----  ---------  --------  ----------  --------------  -------------------
/opt/airflow/dags/youtube_pipeline.py                           0           1  0.13s           2026-05-13T10:45:45
================================================================================
[2026-05-13T10:46:24.594+0000] {manager.py:878} INFO - 
================================================================================
DAG File Processing Stats

File Path                              PID    Runtime      # DAGs    # Errors  Last Runtime    Last Run
-------------------------------------  -----  ---------  --------  ----------  --------------  -------------------
/opt/airflow/dags/youtube_pipeline.py                           0           1  0.10s           2026-05-13T10:46:15
================================================================================
[2026-05-13T10:46:54.898+0000] {manager.py:878} INFO - 
================================================================================
DAG File Processing Stats

File Path                              PID    Runtime      # DAGs    # Errors  Last Runtime    Last Run
-------------------------------------  -----  ---------  --------  ----------  --------------  -------------------
/opt/airflow/dags/youtube_pipeline.py                           0           1  0.10s           2026-05-13T10:46:45
================================================================================
[2026-05-13T10:47:25.146+0000] {manager.py:878} INFO - 
================================================================================
DAG File Processing Stats

File Path                              PID    Runtime      # DAGs    # Errors  Last Runtime    Last Run
-------------------------------------  -----  ---------  --------  ----------  --------------  -------------------
/opt/airflow/dags/youtube_pipeline.py                           0           1  0.17s           2026-05-13T10:47:18
================================================================================
[2026-05-13T10:47:55.495+0000] {manager.py:878} INFO - 
================================================================================
DAG File Processing Stats

File Path                              PID    Runtime      # DAGs    # Errors  Last Runtime    Last Run
-------------------------------------  -----  ---------  --------  ----------  --------------  -------------------
/opt/airflow/dags/youtube_pipeline.py                           0           1  0.16s           2026-05-13T10:47:43
================================================================================
[2026-05-13T10:48:25.894+0000] {manager.py:878} INFO - 
================================================================================
DAG File Processing Stats

File Path                              PID    Runtime      # DAGs    # Errors  Last Runtime    Last Run
-------------------------------------  -----  ---------  --------  ----------  --------------  -------------------
/opt/airflow/dags/youtube_pipeline.py                           0           1  0.12s           2026-05-13T10:48:02
================================================================================
[2026-05-13T10:48:28.915+0000] {manager.py:737} INFO - Searching for files in /opt/airflow/dags
[2026-05-13T10:48:28.962+0000] {manager.py:740} INFO - There are 1 files in /opt/airflow/dags
[2026-05-13T10:48:56.240+0000] {manager.py:878} INFO - 
================================================================================
DAG File Processing Stats

File Path                              PID    Runtime      # DAGs    # Errors  Last Runtime    Last Run
-------------------------------------  -----  ---------  --------  ----------  --------------  -------------------
/opt/airflow/dags/youtube_pipeline.py                           0           1  0.10s           2026-05-13T10:48:33
================================================================================
[2026-05-13T10:49:26.540+0000] {manager.py:878} INFO - 
================================================================================
DAG File Processing Stats

File Path                              PID    Runtime      # DAGs    # Errors  Last Runtime    Last Run
-------------------------------------  -----  ---------  --------  ----------  --------------  -------------------
/opt/airflow/dags/youtube_pipeline.py                           0           1  0.13s           2026-05-13T10:49:03
================================================================================
[2026-05-13T10:49:56.935+0000] {manager.py:878} INFO - 
================================================================================
DAG File Processing Stats

File Path                              PID    Runtime      # DAGs    # Errors  Last Runtime    Last Run
-------------------------------------  -----  ---------  --------  ----------  --------------  -------------------
/opt/airflow/dags/youtube_pipeline.py                           1           0  0.29s           2026-05-13T10:49:39
================================================================================
[2026-05-13T10:50:27.341+0000] {manager.py:878} INFO - 
================================================================================
DAG File Processing Stats

File Path                              PID    Runtime      # DAGs    # Errors  Last Runtime    Last Run
-------------------------------------  -----  ---------  --------  ----------  --------------  -------------------
/opt/airflow/dags/youtube_pipeline.py                           1           0  0.19s           2026-05-13T10:50:10
================================================================================
[2026-05-13T10:50:57.613+0000] {manager.py:878} INFO - 
================================================================================
DAG File Processing Stats

File Path                              PID    Runtime      # DAGs    # Errors  Last Runtime    Last Run
-------------------------------------  -----  ---------  --------  ----------  --------------  -------------------
/opt/airflow/dags/youtube_pipeline.py                           1           0  0.32s           2026-05-13T10:50:28
================================================================================
[2026-05-13T10:51:28.137+0000] {manager.py:878} INFO - 
================================================================================
DAG File Processing Stats

File Path                              PID    Runtime      # DAGs    # Errors  Last Runtime    Last Run
-------------------------------------  -----  ---------  --------  ----------  --------------  -------------------
/opt/airflow/dags/youtube_pipeline.py                           1           0  0.28s           2026-05-13T10:50:59
================================================================================
[2026-05-13T10:51:58.655+0000] {manager.py:878} INFO - 
================================================================================
DAG File Processing Stats

File Path                              PID    Runtime      # DAGs    # Errors  Last Runtime    Last Run
-------------------------------------  -----  ---------  --------  ----------  --------------  -------------------
/opt/airflow/dags/youtube_pipeline.py                           1           0  0.25s           2026-05-13T10:51:29
================================================================================
[2026-05-13T10:52:29.160+0000] {manager.py:878} INFO - 
================================================================================
DAG File Processing Stats

File Path                              PID    Runtime      # DAGs    # Errors  Last Runtime    Last Run
-------------------------------------  -----  ---------  --------  ----------  --------------  -------------------
/opt/airflow/dags/youtube_pipeline.py                           1           0  0.29s           2026-05-13T10:51:59
================================================================================
[2026-05-13T10:52:59.441+0000] {manager.py:878} INFO - 
================================================================================
DAG File Processing Stats

File Path                              PID    Runtime      # DAGs    # Errors  Last Runtime    Last Run
-------------------------------------  -----  ---------  --------  ----------  --------------  -------------------
/opt/airflow/dags/youtube_pipeline.py                           1           0  0.15s           2026-05-13T10:52:30
================================================================================
[2026-05-13T10:53:29.253+0000] {manager.py:737} INFO - Searching for files in /opt/airflow/dags
[2026-05-13T10:53:29.292+0000] {manager.py:740} INFO - There are 1 files in /opt/airflow/dags
[2026-05-13T10:53:29.846+0000] {manager.py:878} INFO - 
================================================================================
DAG File Processing Stats

File Path                              PID    Runtime      # DAGs    # Errors  Last Runtime    Last Run
-------------------------------------  -----  ---------  --------  ----------  --------------  -------------------
/opt/airflow/dags/youtube_pipeline.py                           1           0  0.43s           2026-05-13T10:53:01
================================================================================
[2026-05-13T10:54:00.583+0000] {manager.py:878} INFO - 
================================================================================
DAG File Processing Stats

File Path                              PID    Runtime      # DAGs    # Errors  Last Runtime    Last Run
-------------------------------------  -----  ---------  --------  ----------  --------------  -------------------
/opt/airflow/dags/youtube_pipeline.py                           1           0  0.22s           2026-05-13T10:53:31
================================================================================
[2026-05-13T10:54:31.038+0000] {manager.py:878} INFO - 
================================================================================
DAG File Processing Stats

File Path                              PID    Runtime      # DAGs    # Errors  Last Runtime    Last Run
-------------------------------------  -----  ---------  --------  ----------  --------------  -------------------
/opt/airflow/dags/youtube_pipeline.py                           1           0  0.20s           2026-05-13T10:54:01
================================================================================
[2026-05-13T10:55:01.400+0000] {manager.py:878} INFO - 
================================================================================
DAG File Processing Stats

File Path                              PID    Runtime      # DAGs    # Errors  Last Runtime    Last Run
-------------------------------------  -----  ---------  --------  ----------  --------------  -------------------
/opt/airflow/dags/youtube_pipeline.py                           1           0  0.23s           2026-05-13T10:54:32
================================================================================
[2026-05-13T10:55:31.814+0000] {manager.py:878} INFO - 
================================================================================
DAG File Processing Stats

File Path                              PID    Runtime      # DAGs    # Errors  Last Runtime    Last Run
-------------------------------------  -----  ---------  --------  ----------  --------------  -------------------
/opt/airflow/dags/youtube_pipeline.py                           1           0  0.23s           2026-05-13T10:55:02
================================================================================
[2026-05-13T10:56:02.111+0000] {manager.py:878} INFO - 
================================================================================
DAG File Processing Stats

File Path                              PID    Runtime      # DAGs    # Errors  Last Runtime    Last Run
-------------------------------------  -----  ---------  --------  ----------  --------------  -------------------
/opt/airflow/dags/youtube_pipeline.py                           1           0  0.19s           2026-05-13T10:55:33
================================================================================
[2026-05-13T10:56:32.522+0000] {manager.py:878} INFO - 
================================================================================
DAG File Processing Stats

File Path                              PID    Runtime      # DAGs    # Errors  Last Runtime    Last Run
-------------------------------------  -----  ---------  --------  ----------  --------------  -------------------
/opt/airflow/dags/youtube_pipeline.py                           1           0  0.19s           2026-05-13T10:56:03
================================================================================
[2026-05-13T10:57:02.843+0000] {manager.py:878} INFO - 
================================================================================
DAG File Processing Stats

File Path                              PID    Runtime      # DAGs    # Errors  Last Runtime    Last Run
-------------------------------------  -----  ---------  --------  ----------  --------------  -------------------
/opt/airflow/dags/youtube_pipeline.py                           1           0  0.54s           2026-05-13T10:56:34
================================================================================
[2026-05-13T10:57:33.706+0000] {manager.py:878} INFO - 
================================================================================
DAG File Processing Stats

File Path                              PID    Runtime      # DAGs    # Errors  Last Runtime    Last Run
-------------------------------------  -----  ---------  --------  ----------  --------------  -------------------
/opt/airflow/dags/youtube_pipeline.py                           1           0  0.18s           2026-05-13T10:57:04
================================================================================
[2026-05-13T10:58:04.117+0000] {manager.py:878} INFO - 
================================================================================
DAG File Processing Stats

File Path                              PID    Runtime      # DAGs    # Errors  Last Runtime    Last Run
-------------------------------------  -----  ---------  --------  ----------  --------------  -------------------
/opt/airflow/dags/youtube_pipeline.py                           1           0  0.24s           2026-05-13T10:57:34
================================================================================
[2026-05-13T10:58:29.404+0000] {manager.py:737} INFO - Searching for files in /opt/airflow/dags
[2026-05-13T10:58:29.438+0000] {manager.py:740} INFO - There are 1 files in /opt/airflow/dags
[2026-05-13T10:58:34.566+0000] {manager.py:878} INFO - 
================================================================================
DAG File Processing Stats

File Path                              PID    Runtime      # DAGs    # Errors  Last Runtime    Last Run
-------------------------------------  -----  ---------  --------  ----------  --------------  -------------------
/opt/airflow/dags/youtube_pipeline.py                           1           0  0.27s           2026-05-13T10:58:05
================================================================================
[2026-05-13T10:59:05.045+0000] {manager.py:878} INFO - 
================================================================================
DAG File Processing Stats

File Path                              PID    Runtime      # DAGs    # Errors  Last Runtime    Last Run
-------------------------------------  -----  ---------  --------  ----------  --------------  -------------------
/opt/airflow/dags/youtube_pipeline.py                           1           0  0.29s           2026-05-13T10:58:35
================================================================================
[2026-05-13T10:59:35.334+0000] {manager.py:878} INFO - 
================================================================================
DAG File Processing Stats

File Path                              PID    Runtime      # DAGs    # Errors  Last Runtime    Last Run
-------------------------------------  -----  ---------  --------  ----------  --------------  -------------------
/opt/airflow/dags/youtube_pipeline.py                           1           0  0.15s           2026-05-13T10:59:06
================================================================================
[2026-05-13T11:00:05.729+0000] {manager.py:878} INFO - 
================================================================================
DAG File Processing Stats

File Path                              PID    Runtime      # DAGs    # Errors  Last Runtime    Last Run
-------------------------------------  -----  ---------  --------  ----------  --------------  -------------------
/opt/airflow/dags/youtube_pipeline.py                           1           0  0.16s           2026-05-13T10:59:36
================================================================================
[2026-05-13T11:00:36.039+0000] {manager.py:878} INFO - 
================================================================================
DAG File Processing Stats

File Path                              PID    Runtime      # DAGs    # Errors  Last Runtime    Last Run
-------------------------------------  -----  ---------  --------  ----------  --------------  -------------------
/opt/airflow/dags/youtube_pipeline.py                           1           0  0.19s           2026-05-13T11:00:06
================================================================================
[2026-05-13T11:01:06.408+0000] {manager.py:878} INFO - 
================================================================================
DAG File Processing Stats

File Path                              PID    Runtime      # DAGs    # Errors  Last Runtime    Last Run
-------------------------------------  -----  ---------  --------  ----------  --------------  -------------------
/opt/airflow/dags/youtube_pipeline.py                           1           0  0.21s           2026-05-13T11:00:37
================================================================================
[2026-05-13T11:01:36.708+0000] {manager.py:878} INFO - 
================================================================================
DAG File Processing Stats

File Path                              PID    Runtime      # DAGs    # Errors  Last Runtime    Last Run
-------------------------------------  -----  ---------  --------  ----------  --------------  -------------------
/opt/airflow/dags/youtube_pipeline.py                           1           0  0.19s           2026-05-13T11:01:07
================================================================================
[2026-05-13T11:02:07.065+0000] {manager.py:878} INFO - 
================================================================================
DAG File Processing Stats

File Path                              PID    Runtime      # DAGs    # Errors  Last Runtime    Last Run
-------------------------------------  -----  ---------  --------  ----------  --------------  -------------------
/opt/airflow/dags/youtube_pipeline.py                           1           0  0.21s           2026-05-13T11:01:37
================================================================================
[2026-05-13T11:02:37.476+0000] {manager.py:878} INFO - 
================================================================================
DAG File Processing Stats

File Path                              PID    Runtime      # DAGs    # Errors  Last Runtime    Last Run
-------------------------------------  -----  ---------  --------  ----------  --------------  -------------------
/opt/airflow/dags/youtube_pipeline.py                           1           0  0.25s           2026-05-13T11:02:08
================================================================================
[2026-05-13T11:03:07.771+0000] {manager.py:878} INFO - 
================================================================================
DAG File Processing Stats

File Path                              PID    Runtime      # DAGs    # Errors  Last Runtime    Last Run
-------------------------------------  -----  ---------  --------  ----------  --------------  -------------------
/opt/airflow/dags/youtube_pipeline.py                           1           0  0.18s           2026-05-13T11:02:38
================================================================================
[2026-05-13T11:03:30.037+0000] {manager.py:737} INFO - Searching for files in /opt/airflow/dags
[2026-05-13T11:03:30.076+0000] {manager.py:740} INFO - There are 1 files in /opt/airflow/dags
[2026-05-13T11:03:38.146+0000] {manager.py:878} INFO - 
================================================================================
DAG File Processing Stats

File Path                              PID    Runtime      # DAGs    # Errors  Last Runtime    Last Run
-------------------------------------  -----  ---------  --------  ----------  --------------  -------------------
/opt/airflow/dags/youtube_pipeline.py                           1           0  0.21s           2026-05-13T11:03:08
================================================================================
[2026-05-13T11:04:08.529+0000] {manager.py:878} INFO - 
================================================================================
DAG File Processing Stats

File Path                              PID    Runtime      # DAGs    # Errors  Last Runtime    Last Run
-------------------------------------  -----  ---------  --------  ----------  --------------  -------------------
/opt/airflow/dags/youtube_pipeline.py                           1           0  0.17s           2026-05-13T11:03:39
================================================================================
[2026-05-13T11:04:38.789+0000] {manager.py:878} INFO - 
================================================================================
DAG File Processing Stats

File Path                              PID    Runtime      # DAGs    # Errors  Last Runtime    Last Run
-------------------------------------  -----  ---------  --------  ----------  --------------  -------------------
/opt/airflow/dags/youtube_pipeline.py                           1           0  0.16s           2026-05-13T11:04:09
================================================================================
[2026-05-13T11:05:09.253+0000] {manager.py:878} INFO - 
================================================================================
DAG File Processing Stats

File Path                              PID    Runtime      # DAGs    # Errors  Last Runtime    Last Run
-------------------------------------  -----  ---------  --------  ----------  --------------  -------------------
/opt/airflow/dags/youtube_pipeline.py                           1           0  0.20s           2026-05-13T11:04:40
================================================================================
[2026-05-13T11:05:39.525+0000] {manager.py:878} INFO - 
================================================================================
DAG File Processing Stats

File Path                              PID    Runtime      # DAGs    # Errors  Last Runtime    Last Run
-------------------------------------  -----  ---------  --------  ----------  --------------  -------------------
/opt/airflow/dags/youtube_pipeline.py                           1           0  0.16s           2026-05-13T11:05:10
================================================================================
[2026-05-13T11:06:09.933+0000] {manager.py:878} INFO - 
================================================================================
DAG File Processing Stats

File Path                              PID    Runtime      # DAGs    # Errors  Last Runtime    Last Run
-------------------------------------  -----  ---------  --------  ----------  --------------  -------------------
/opt/airflow/dags/youtube_pipeline.py                           1           0  0.16s           2026-05-13T11:05:40
================================================================================
[2026-05-13T11:06:40.220+0000] {manager.py:878} INFO - 
================================================================================
DAG File Processing Stats

File Path                              PID    Runtime      # DAGs    # Errors  Last Runtime    Last Run
-------------------------------------  -----  ---------  --------  ----------  --------------  -------------------
/opt/airflow/dags/youtube_pipeline.py                           1           0  0.17s           2026-05-13T11:06:11
================================================================================
[2026-05-13T11:07:10.465+0000] {manager.py:878} INFO - 
================================================================================
DAG File Processing Stats

File Path                              PID    Runtime      # DAGs    # Errors  Last Runtime    Last Run
-------------------------------------  -----  ---------  --------  ----------  --------------  -------------------
/opt/airflow/dags/youtube_pipeline.py                           1           0  0.19s           2026-05-13T11:06:41
================================================================================
[2026-05-13T11:07:40.914+0000] {manager.py:878} INFO - 
================================================================================
DAG File Processing Stats

File Path                              PID    Runtime      # DAGs    # Errors  Last Runtime    Last Run
-------------------------------------  -----  ---------  --------  ----------  --------------  -------------------
/opt/airflow/dags/youtube_pipeline.py                           1           0  0.15s           2026-05-13T11:07:11
================================================================================
[2026-05-13T11:08:11.166+0000] {manager.py:878} INFO - 
================================================================================
DAG File Processing Stats

File Path                              PID    Runtime      # DAGs    # Errors  Last Runtime    Last Run
-------------------------------------  -----  ---------  --------  ----------  --------------  -------------------
/opt/airflow/dags/youtube_pipeline.py                           1           0  0.19s           2026-05-13T11:07:42
================================================================================
[2026-05-13T11:08:30.462+0000] {manager.py:737} INFO - Searching for files in /opt/airflow/dags
[2026-05-13T11:08:30.508+0000] {manager.py:740} INFO - There are 1 files in /opt/airflow/dags
[2026-05-13T11:08:41.613+0000] {manager.py:878} INFO - 
================================================================================
DAG File Processing Stats

File Path                              PID    Runtime      # DAGs    # Errors  Last Runtime    Last Run
-------------------------------------  -----  ---------  --------  ----------  --------------  -------------------
/opt/airflow/dags/youtube_pipeline.py                           1           0  0.17s           2026-05-13T11:08:12
================================================================================
[2026-05-13T11:09:11.880+0000] {manager.py:878} INFO - 
================================================================================
DAG File Processing Stats

File Path                              PID    Runtime      # DAGs    # Errors  Last Runtime    Last Run
-------------------------------------  -----  ---------  --------  ----------  --------------  -------------------
/opt/airflow/dags/youtube_pipeline.py                           1           0  0.20s           2026-05-13T11:08:42
================================================================================
[2026-05-13T11:09:42.262+0000] {manager.py:878} INFO - 
================================================================================
DAG File Processing Stats

File Path                              PID    Runtime      # DAGs    # Errors  Last Runtime    Last Run
-------------------------------------  -----  ---------  --------  ----------  --------------  -------------------
/opt/airflow/dags/youtube_pipeline.py                           1           0  0.16s           2026-05-13T11:09:13
================================================================================
[2026-05-13T11:10:12.545+0000] {manager.py:878} INFO - 
================================================================================
DAG File Processing Stats

File Path                              PID    Runtime      # DAGs    # Errors  Last Runtime    Last Run
-------------------------------------  -----  ---------  --------  ----------  --------------  -------------------
/opt/airflow/dags/youtube_pipeline.py                           1           0  0.43s           2026-05-13T11:09:43
================================================================================
[2026-05-13T11:10:43.200+0000] {manager.py:878} INFO - 
================================================================================
DAG File Processing Stats

File Path                              PID    Runtime      # DAGs    # Errors  Last Runtime    Last Run
-------------------------------------  -----  ---------  --------  ----------  --------------  -------------------
/opt/airflow/dags/youtube_pipeline.py                           1           0  0.18s           2026-05-13T11:10:14
================================================================================
[2026-05-13T11:11:13.564+0000] {manager.py:878} INFO - 
================================================================================
DAG File Processing Stats

File Path                              PID    Runtime      # DAGs    # Errors  Last Runtime    Last Run
-------------------------------------  -----  ---------  --------  ----------  --------------  -------------------
/opt/airflow/dags/youtube_pipeline.py                           1           0  0.19s           2026-05-13T11:10:44
================================================================================
[2026-05-13T11:11:43.869+0000] {manager.py:878} INFO - 
================================================================================
DAG File Processing Stats

File Path                              PID    Runtime      # DAGs    # Errors  Last Runtime    Last Run
-------------------------------------  -----  ---------  --------  ----------  --------------  -------------------
/opt/airflow/dags/youtube_pipeline.py                           1           0  0.20s           2026-05-13T11:11:14
================================================================================
[2026-05-13T11:12:14.209+0000] {manager.py:878} INFO - 
================================================================================
DAG File Processing Stats

File Path                              PID    Runtime      # DAGs    # Errors  Last Runtime    Last Run
-------------------------------------  -----  ---------  --------  ----------  --------------  -------------------
/opt/airflow/dags/youtube_pipeline.py                           1           0  0.19s           2026-05-13T11:11:45
================================================================================
[2026-05-13T11:12:44.499+0000] {manager.py:878} INFO - 
================================================================================
DAG File Processing Stats

File Path                              PID    Runtime      # DAGs    # Errors  Last Runtime    Last Run
-------------------------------------  -----  ---------  --------  ----------  --------------  -------------------
/opt/airflow/dags/youtube_pipeline.py                           1           0  0.21s           2026-05-13T11:12:15
================================================================================
[2026-05-13T11:13:15.095+0000] {manager.py:878} INFO - 
================================================================================
DAG File Processing Stats

File Path                              PID    Runtime      # DAGs    # Errors  Last Runtime    Last Run
-------------------------------------  -----  ---------  --------  ----------  --------------  -------------------
/opt/airflow/dags/youtube_pipeline.py                           1           0  0.27s           2026-05-13T11:12:45
================================================================================
[2026-05-13T11:13:31.268+0000] {manager.py:737} INFO - Searching for files in /opt/airflow/dags
[2026-05-13T11:13:31.370+0000] {manager.py:740} INFO - There are 1 files in /opt/airflow/dags
[2026-05-13T11:13:45.505+0000] {manager.py:878} INFO - 
================================================================================
DAG File Processing Stats

File Path                              PID    Runtime      # DAGs    # Errors  Last Runtime    Last Run
-------------------------------------  -----  ---------  --------  ----------  --------------  -------------------
/opt/airflow/dags/youtube_pipeline.py                           1           0  0.19s           2026-05-13T11:13:16
================================================================================
[2026-05-13T11:14:15.800+0000] {manager.py:878} INFO - 
================================================================================
DAG File Processing Stats

File Path                              PID    Runtime      # DAGs    # Errors  Last Runtime    Last Run
-------------------------------------  -----  ---------  --------  ----------  --------------  -------------------
/opt/airflow/dags/youtube_pipeline.py                           1           0  0.18s           2026-05-13T11:13:46
================================================================================
[2026-05-13T11:14:46.233+0000] {manager.py:878} INFO - 
================================================================================
DAG File Processing Stats

File Path                              PID    Runtime      # DAGs    # Errors  Last Runtime    Last Run
-------------------------------------  -----  ---------  --------  ----------  --------------  -------------------
/opt/airflow/dags/youtube_pipeline.py                           1           0  0.39s           2026-05-13T11:14:17
================================================================================
[2026-05-13T11:15:16.662+0000] {manager.py:878} INFO - 
================================================================================
DAG File Processing Stats

File Path                              PID    Runtime      # DAGs    # Errors  Last Runtime    Last Run
-------------------------------------  -----  ---------  --------  ----------  --------------  -------------------
/opt/airflow/dags/youtube_pipeline.py                           1           0  0.19s           2026-05-13T11:14:47
================================================================================
[2026-05-13T11:15:46.918+0000] {manager.py:878} INFO - 
================================================================================
DAG File Processing Stats

File Path                              PID    Runtime      # DAGs    # Errors  Last Runtime    Last Run
-------------------------------------  -----  ---------  --------  ----------  --------------  -------------------
/opt/airflow/dags/youtube_pipeline.py                           1           0  0.17s           2026-05-13T11:15:17
================================================================================
[2026-05-13T11:16:17.299+0000] {manager.py:878} INFO - 
================================================================================
DAG File Processing Stats

File Path                              PID    Runtime      # DAGs    # Errors  Last Runtime    Last Run
-------------------------------------  -----  ---------  --------  ----------  --------------  -------------------
/opt/airflow/dags/youtube_pipeline.py                           1           0  0.18s           2026-05-13T11:15:48
================================================================================
[2026-05-13T11:16:47.580+0000] {manager.py:878} INFO - 
================================================================================
DAG File Processing Stats

File Path                              PID    Runtime      # DAGs    # Errors  Last Runtime    Last Run
-------------------------------------  -----  ---------  --------  ----------  --------------  -------------------
/opt/airflow/dags/youtube_pipeline.py                           1           0  0.20s           2026-05-13T11:16:18
================================================================================
[2026-05-13T11:17:18.052+0000] {manager.py:878} INFO - 
================================================================================
DAG File Processing Stats

File Path                              PID    Runtime      # DAGs    # Errors  Last Runtime    Last Run
-------------------------------------  -----  ---------  --------  ----------  --------------  -------------------
/opt/airflow/dags/youtube_pipeline.py                           1           0  0.23s           2026-05-13T11:16:48
================================================================================
[2026-05-13T11:17:48.396+0000] {manager.py:878} INFO - 
================================================================================
DAG File Processing Stats

File Path                              PID    Runtime      # DAGs    # Errors  Last Runtime    Last Run
-------------------------------------  -----  ---------  --------  ----------  --------------  -------------------
/opt/airflow/dags/youtube_pipeline.py                           1           0  0.34s           2026-05-13T11:17:19
================================================================================
[2026-05-13T11:18:18.893+0000] {manager.py:878} INFO - 
================================================================================
DAG File Processing Stats

File Path                              PID    Runtime      # DAGs    # Errors  Last Runtime    Last Run
-------------------------------------  -----  ---------  --------  ----------  --------------  -------------------
/opt/airflow/dags/youtube_pipeline.py                           1           0  0.19s           2026-05-13T11:17:49
================================================================================
[2026-05-13T11:18:32.149+0000] {manager.py:737} INFO - Searching for files in /opt/airflow/dags
[2026-05-13T11:18:32.180+0000] {manager.py:740} INFO - There are 1 files in /opt/airflow/dags
[2026-05-13T11:18:49.336+0000] {manager.py:878} INFO - 
================================================================================
DAG File Processing Stats

File Path                              PID    Runtime      # DAGs    # Errors  Last Runtime    Last Run
-------------------------------------  -----  ---------  --------  ----------  --------------  -------------------
/opt/airflow/dags/youtube_pipeline.py                           1           0  0.18s           2026-05-13T11:18:20
================================================================================
[2026-05-13T11:19:19.604+0000] {manager.py:878} INFO - 
================================================================================
DAG File Processing Stats

File Path                              PID    Runtime      # DAGs    # Errors  Last Runtime    Last Run
-------------------------------------  -----  ---------  --------  ----------  --------------  -------------------
/opt/airflow/dags/youtube_pipeline.py                           1           0  0.23s           2026-05-13T11:18:50
================================================================================
[2026-05-13T11:19:49.852+0000] {manager.py:878} INFO - 
================================================================================
DAG File Processing Stats

File Path                              PID    Runtime      # DAGs    # Errors  Last Runtime    Last Run
-------------------------------------  -----  ---------  --------  ----------  --------------  -------------------
/opt/airflow/dags/youtube_pipeline.py                           1           0  0.16s           2026-05-13T11:19:20
================================================================================
[2026-05-13T11:20:20.123+0000] {manager.py:878} INFO - 
================================================================================
DAG File Processing Stats

File Path                              PID    Runtime      # DAGs    # Errors  Last Runtime    Last Run
-------------------------------------  -----  ---------  --------  ----------  --------------  -------------------
/opt/airflow/dags/youtube_pipeline.py                           1           0  0.17s           2026-05-13T11:19:51
================================================================================
[2026-05-13T11:20:50.486+0000] {manager.py:878} INFO - 
================================================================================
DAG File Processing Stats

File Path                              PID    Runtime      # DAGs    # Errors  Last Runtime    Last Run
-------------------------------------  -----  ---------  --------  ----------  --------------  -------------------
/opt/airflow/dags/youtube_pipeline.py                           1           0  0.17s           2026-05-13T11:20:21
================================================================================
[2026-05-13T11:21:20.752+0000] {manager.py:878} INFO - 
================================================================================
DAG File Processing Stats

File Path                              PID    Runtime      # DAGs    # Errors  Last Runtime    Last Run
-------------------------------------  -----  ---------  --------  ----------  --------------  -------------------
/opt/airflow/dags/youtube_pipeline.py                           1           0  0.16s           2026-05-13T11:20:51
================================================================================
[2026-05-13T11:21:51.107+0000] {manager.py:878} INFO - 
================================================================================
DAG File Processing Stats

File Path                              PID    Runtime      # DAGs    # Errors  Last Runtime    Last Run
-------------------------------------  -----  ---------  --------  ----------  --------------  -------------------
/opt/airflow/dags/youtube_pipeline.py                           1           0  0.17s           2026-05-13T11:21:21
================================================================================
[2026-05-13T11:22:21.385+0000] {manager.py:878} INFO - 
================================================================================
DAG File Processing Stats

File Path                              PID    Runtime      # DAGs    # Errors  Last Runtime    Last Run
-------------------------------------  -----  ---------  --------  ----------  --------------  -------------------
/opt/airflow/dags/youtube_pipeline.py                           1           0  0.16s           2026-05-13T11:21:52
================================================================================
[2026-05-13T11:22:51.768+0000] {manager.py:878} INFO - 
================================================================================
DAG File Processing Stats

File Path                              PID    Runtime      # DAGs    # Errors  Last Runtime    Last Run
-------------------------------------  -----  ---------  --------  ----------  --------------  -------------------
/opt/airflow/dags/youtube_pipeline.py                           1           0  0.15s           2026-05-13T11:22:22
================================================================================
[2026-05-13T11:23:22.060+0000] {manager.py:878} INFO - 
================================================================================
DAG File Processing Stats

File Path                              PID    Runtime      # DAGs    # Errors  Last Runtime    Last Run
-------------------------------------  -----  ---------  --------  ----------  --------------  -------------------
/opt/airflow/dags/youtube_pipeline.py                           1           0  0.21s           2026-05-13T11:22:52
================================================================================
[2026-05-13T11:23:32.262+0000] {manager.py:737} INFO - Searching for files in /opt/airflow/dags
[2026-05-13T11:23:32.311+0000] {manager.py:740} INFO - There are 1 files in /opt/airflow/dags
[2026-05-13T11:23:52.518+0000] {manager.py:878} INFO - 
================================================================================
DAG File Processing Stats

File Path                              PID    Runtime      # DAGs    # Errors  Last Runtime    Last Run
-------------------------------------  -----  ---------  --------  ----------  --------------  -------------------
/opt/airflow/dags/youtube_pipeline.py                           1           0  0.15s           2026-05-13T11:23:23
================================================================================
[2026-05-13T11:24:22.777+0000] {manager.py:878} INFO - 
================================================================================
DAG File Processing Stats

File Path                              PID    Runtime      # DAGs    # Errors  Last Runtime    Last Run
-------------------------------------  -----  ---------  --------  ----------  --------------  -------------------
/opt/airflow/dags/youtube_pipeline.py                           1           0  0.18s           2026-05-13T11:23:53
================================================================================
[2026-05-13T11:24:53.177+0000] {manager.py:878} INFO - 
================================================================================
DAG File Processing Stats

File Path                              PID    Runtime      # DAGs    # Errors  Last Runtime    Last Run
-------------------------------------  -----  ---------  --------  ----------  --------------  -------------------
/opt/airflow/dags/youtube_pipeline.py                           1           0  0.16s           2026-05-13T11:24:23
================================================================================
[2026-05-13T11:25:23.429+0000] {manager.py:878} INFO - 
================================================================================
DAG File Processing Stats

File Path                              PID    Runtime      # DAGs    # Errors  Last Runtime    Last Run
-------------------------------------  -----  ---------  --------  ----------  --------------  -------------------
/opt/airflow/dags/youtube_pipeline.py                           1           0  0.18s           2026-05-13T11:24:54
================================================================================
[2026-05-13T11:25:53.841+0000] {manager.py:878} INFO - 
================================================================================
DAG File Processing Stats

File Path                              PID    Runtime      # DAGs    # Errors  Last Runtime    Last Run
-------------------------------------  -----  ---------  --------  ----------  --------------  -------------------
/opt/airflow/dags/youtube_pipeline.py                           1           0  0.19s           2026-05-13T11:25:24
================================================================================
[2026-05-13T11:26:24.109+0000] {manager.py:878} INFO - 
================================================================================
DAG File Processing Stats

File Path                              PID    Runtime      # DAGs    # Errors  Last Runtime    Last Run
-------------------------------------  -----  ---------  --------  ----------  --------------  -------------------
/opt/airflow/dags/youtube_pipeline.py                           1           0  0.18s           2026-05-13T11:25:55
================================================================================
[2026-05-13T11:26:54.379+0000] {manager.py:878} INFO - 
================================================================================
DAG File Processing Stats

File Path                              PID    Runtime      # DAGs    # Errors  Last Runtime    Last Run
-------------------------------------  -----  ---------  --------  ----------  --------------  -------------------
/opt/airflow/dags/youtube_pipeline.py                           1           0  0.16s           2026-05-13T11:26:25
================================================================================
[2026-05-13T11:27:24.840+0000] {manager.py:878} INFO - 
================================================================================
DAG File Processing Stats

File Path                              PID    Runtime      # DAGs    # Errors  Last Runtime    Last Run
-------------------------------------  -----  ---------  --------  ----------  --------------  -------------------
/opt/airflow/dags/youtube_pipeline.py                           1           0  0.37s           2026-05-13T11:26:55
================================================================================
[2026-05-13T11:27:55.086+0000] {manager.py:878} INFO - 
================================================================================
DAG File Processing Stats

File Path                              PID    Runtime      # DAGs    # Errors  Last Runtime    Last Run
-------------------------------------  -----  ---------  --------  ----------  --------------  -------------------
/opt/airflow/dags/youtube_pipeline.py                           1           0  0.17s           2026-05-13T11:27:26
================================================================================
[2026-05-13T11:28:25.429+0000] {manager.py:878} INFO - 
================================================================================
DAG File Processing Stats

File Path                              PID    Runtime      # DAGs    # Errors  Last Runtime    Last Run
-------------------------------------  -----  ---------  --------  ----------  --------------  -------------------
/opt/airflow/dags/youtube_pipeline.py                           1           0  0.21s           2026-05-13T11:27:56
================================================================================
[2026-05-13T11:28:32.576+0000] {manager.py:737} INFO - Searching for files in /opt/airflow/dags
[2026-05-13T11:28:32.641+0000] {manager.py:740} INFO - There are 1 files in /opt/airflow/dags
[2026-05-13T11:28:55.858+0000] {manager.py:878} INFO - 
================================================================================
DAG File Processing Stats

File Path                              PID    Runtime      # DAGs    # Errors  Last Runtime    Last Run
-------------------------------------  -----  ---------  --------  ----------  --------------  -------------------
/opt/airflow/dags/youtube_pipeline.py                           1           0  0.16s           2026-05-13T11:28:26
================================================================================
[2026-05-13T11:29:26.139+0000] {manager.py:878} INFO - 
================================================================================
DAG File Processing Stats

File Path                              PID    Runtime      # DAGs    # Errors  Last Runtime    Last Run
-------------------------------------  -----  ---------  --------  ----------  --------------  -------------------
/opt/airflow/dags/youtube_pipeline.py                           1           0  0.15s           2026-05-13T11:28:57
================================================================================
[2026-05-13T11:29:56.474+0000] {manager.py:878} INFO - 
================================================================================
DAG File Processing Stats

File Path                              PID    Runtime      # DAGs    # Errors  Last Runtime    Last Run
-------------------------------------  -----  ---------  --------  ----------  --------------  -------------------
/opt/airflow/dags/youtube_pipeline.py                           1           0  0.25s           2026-05-13T11:29:27
================================================================================
[2026-05-13T11:30:26.727+0000] {manager.py:878} INFO - 
================================================================================
DAG File Processing Stats

File Path                              PID    Runtime      # DAGs    # Errors  Last Runtime    Last Run
-------------------------------------  -----  ---------  --------  ----------  --------------  -------------------
/opt/airflow/dags/youtube_pipeline.py                           1           0  0.17s           2026-05-13T11:29:57
================================================================================
[2026-05-13T11:30:57.150+0000] {manager.py:878} INFO - 
================================================================================
DAG File Processing Stats

File Path                              PID    Runtime      # DAGs    # Errors  Last Runtime    Last Run
-------------------------------------  -----  ---------  --------  ----------  --------------  -------------------
/opt/airflow/dags/youtube_pipeline.py                           1           0  0.16s           2026-05-13T11:30:27
================================================================================
[2026-05-13T11:31:27.405+0000] {manager.py:878} INFO - 
================================================================================
DAG File Processing Stats

File Path                              PID    Runtime      # DAGs    # Errors  Last Runtime    Last Run
-------------------------------------  -----  ---------  --------  ----------  --------------  -------------------
/opt/airflow/dags/youtube_pipeline.py                           1           0  0.15s           2026-05-13T11:30:58
================================================================================
[2026-05-13T11:31:57.772+0000] {manager.py:878} INFO - 
================================================================================
DAG File Processing Stats

File Path                              PID    Runtime      # DAGs    # Errors  Last Runtime    Last Run
-------------------------------------  -----  ---------  --------  ----------  --------------  -------------------
/opt/airflow/dags/youtube_pipeline.py                           1           0  0.16s           2026-05-13T11:31:28
================================================================================
[2026-05-13T11:32:28.110+0000] {manager.py:878} INFO - 
================================================================================
DAG File Processing Stats

File Path                              PID    Runtime      # DAGs    # Errors  Last Runtime    Last Run
-------------------------------------  -----  ---------  --------  ----------  --------------  -------------------
/opt/airflow/dags/youtube_pipeline.py                           1           0  0.14s           2026-05-13T11:31:58
================================================================================
[2026-05-13T11:32:58.384+0000] {manager.py:878} INFO - 
================================================================================
DAG File Processing Stats

File Path                              PID    Runtime      # DAGs    # Errors  Last Runtime    Last Run
-------------------------------------  -----  ---------  --------  ----------  --------------  -------------------
/opt/airflow/dags/youtube_pipeline.py                           1           0  0.18s           2026-05-13T11:32:29
================================================================================
[2026-05-13T11:33:28.763+0000] {manager.py:878} INFO - 
================================================================================
DAG File Processing Stats

File Path                              PID    Runtime      # DAGs    # Errors  Last Runtime    Last Run
-------------------------------------  -----  ---------  --------  ----------  --------------  -------------------
/opt/airflow/dags/youtube_pipeline.py                           1           0  0.18s           2026-05-13T11:32:59
================================================================================
[2026-05-13T11:33:32.884+0000] {manager.py:737} INFO - Searching for files in /opt/airflow/dags
[2026-05-13T11:33:32.913+0000] {manager.py:740} INFO - There are 1 files in /opt/airflow/dags
[2026-05-13T11:33:59.146+0000] {manager.py:878} INFO - 
================================================================================
DAG File Processing Stats

File Path                              PID    Runtime      # DAGs    # Errors  Last Runtime    Last Run
-------------------------------------  -----  ---------  --------  ----------  --------------  -------------------
/opt/airflow/dags/youtube_pipeline.py                           1           0  0.18s           2026-05-13T11:33:29
================================================================================
[2026-05-13T11:34:29.457+0000] {manager.py:878} INFO - 
================================================================================
DAG File Processing Stats

File Path                              PID    Runtime      # DAGs    # Errors  Last Runtime    Last Run
-------------------------------------  -----  ---------  --------  ----------  --------------  -------------------
/opt/airflow/dags/youtube_pipeline.py                           1           0  0.16s           2026-05-13T11:34:00
================================================================================
[2026-05-13T11:34:59.830+0000] {manager.py:878} INFO - 
================================================================================
DAG File Processing Stats

File Path                              PID    Runtime      # DAGs    # Errors  Last Runtime    Last Run
-------------------------------------  -----  ---------  --------  ----------  --------------  -------------------
/opt/airflow/dags/youtube_pipeline.py                           1           0  0.14s           2026-05-13T11:34:30
================================================================================
[2026-05-13T11:35:30.141+0000] {manager.py:878} INFO - 
================================================================================
DAG File Processing Stats

File Path                              PID    Runtime      # DAGs    # Errors  Last Runtime    Last Run
-------------------------------------  -----  ---------  --------  ----------  --------------  -------------------
/opt/airflow/dags/youtube_pipeline.py                           1           0  0.16s           2026-05-13T11:35:01
================================================================================
[2026-05-13T11:36:00.516+0000] {manager.py:878} INFO - 
================================================================================
DAG File Processing Stats

File Path                              PID    Runtime      # DAGs    # Errors  Last Runtime    Last Run
-------------------------------------  -----  ---------  --------  ----------  --------------  -------------------
/opt/airflow/dags/youtube_pipeline.py                           1           0  0.15s           2026-05-13T11:35:31
================================================================================
[2026-05-13T11:36:30.993+0000] {manager.py:878} INFO - 
================================================================================
DAG File Processing Stats

File Path                              PID    Runtime      # DAGs    # Errors  Last Runtime    Last Run
-------------------------------------  -----  ---------  --------  ----------  --------------  -------------------
/opt/airflow/dags/youtube_pipeline.py                           1           0  0.16s           2026-05-13T11:36:01
================================================================================
[2026-05-13T11:37:01.337+0000] {manager.py:878} INFO - 
================================================================================
DAG File Processing Stats

File Path                              PID    Runtime      # DAGs    # Errors  Last Runtime    Last Run
-------------------------------------  -----  ---------  --------  ----------  --------------  -------------------
/opt/airflow/dags/youtube_pipeline.py                           1           0  0.29s           2026-05-13T11:36:32
================================================================================
[2026-05-13T11:37:32.113+0000] {manager.py:878} INFO - 
================================================================================
DAG File Processing Stats

File Path                              PID    Runtime      # DAGs    # Errors  Last Runtime    Last Run
-------------------------------------  -----  ---------  --------  ----------  --------------  -------------------
/opt/airflow/dags/youtube_pipeline.py                           1           0  0.15s           2026-05-13T11:37:02
================================================================================
[2026-05-13T11:38:02.421+0000] {manager.py:878} INFO - 
================================================================================
DAG File Processing Stats

File Path                              PID    Runtime      # DAGs    # Errors  Last Runtime    Last Run
-------------------------------------  -----  ---------  --------  ----------  --------------  -------------------
/opt/airflow/dags/youtube_pipeline.py                           1           0  0.19s           2026-05-13T11:37:33
================================================================================
[2026-05-13T11:38:32.795+0000] {manager.py:878} INFO - 
================================================================================
DAG File Processing Stats

File Path                              PID    Runtime      # DAGs    # Errors  Last Runtime    Last Run
-------------------------------------  -----  ---------  --------  ----------  --------------  -------------------
/opt/airflow/dags/youtube_pipeline.py                           1           0  0.19s           2026-05-13T11:38:03
================================================================================
[2026-05-13T11:38:33.801+0000] {manager.py:737} INFO - Searching for files in /opt/airflow/dags
[2026-05-13T11:38:33.847+0000] {manager.py:740} INFO - There are 1 files in /opt/airflow/dags
[2026-05-13T11:39:03.110+0000] {manager.py:878} INFO - 
================================================================================
DAG File Processing Stats

File Path                              PID    Runtime      # DAGs    # Errors  Last Runtime    Last Run
-------------------------------------  -----  ---------  --------  ----------  --------------  -------------------
/opt/airflow/dags/youtube_pipeline.py                           1           0  0.15s           2026-05-13T11:38:34
================================================================================
[2026-05-13T11:39:33.486+0000] {manager.py:878} INFO - 
================================================================================
DAG File Processing Stats

File Path                              PID    Runtime      # DAGs    # Errors  Last Runtime    Last Run
-------------------------------------  -----  ---------  --------  ----------  --------------  -------------------
/opt/airflow/dags/youtube_pipeline.py                           1           0  0.14s           2026-05-13T11:39:04
================================================================================
[2026-05-13T11:40:03.766+0000] {manager.py:878} INFO - 
================================================================================
DAG File Processing Stats

File Path                              PID    Runtime      # DAGs    # Errors  Last Runtime    Last Run
-------------------------------------  -----  ---------  --------  ----------  --------------  -------------------
/opt/airflow/dags/youtube_pipeline.py                           1           0  0.16s           2026-05-13T11:39:34
================================================================================
[2026-05-13T11:40:34.128+0000] {manager.py:878} INFO - 
================================================================================
DAG File Processing Stats

File Path                              PID    Runtime      # DAGs    # Errors  Last Runtime    Last Run
-------------------------------------  -----  ---------  --------  ----------  --------------  -------------------
/opt/airflow/dags/youtube_pipeline.py                           1           0  0.15s           2026-05-13T11:40:04
================================================================================
[2026-05-13T11:41:04.442+0000] {manager.py:878} INFO - 
================================================================================
DAG File Processing Stats

File Path                              PID    Runtime      # DAGs    # Errors  Last Runtime    Last Run
-------------------------------------  -----  ---------  --------  ----------  --------------  -------------------
/opt/airflow/dags/youtube_pipeline.py                           1           0  0.18s           2026-05-13T11:40:35
================================================================================
[2026-05-13T11:41:34.842+0000] {manager.py:878} INFO - 
================================================================================
DAG File Processing Stats

File Path                              PID    Runtime      # DAGs    # Errors  Last Runtime    Last Run
-------------------------------------  -----  ---------  --------  ----------  --------------  -------------------
/opt/airflow/dags/youtube_pipeline.py                           1           0  0.16s           2026-05-13T11:41:05
================================================================================
[2026-05-13T11:42:05.129+0000] {manager.py:878} INFO - 
================================================================================
DAG File Processing Stats

File Path                              PID    Runtime      # DAGs    # Errors  Last Runtime    Last Run
-------------------------------------  -----  ---------  --------  ----------  --------------  -------------------
/opt/airflow/dags/youtube_pipeline.py                           1           0  0.15s           2026-05-13T11:41:36
================================================================================
[2026-05-13T11:42:35.461+0000] {manager.py:878} INFO - 
================================================================================
DAG File Processing Stats

File Path                              PID    Runtime      # DAGs    # Errors  Last Runtime    Last Run
-------------------------------------  -----  ---------  --------  ----------  --------------  -------------------
/opt/airflow/dags/youtube_pipeline.py                           1           0  0.14s           2026-05-13T11:42:06
================================================================================
[2026-05-13T11:43:05.727+0000] {manager.py:878} INFO - 
================================================================================
DAG File Processing Stats

File Path                              PID    Runtime      # DAGs    # Errors  Last Runtime    Last Run
-------------------------------------  -----  ---------  --------  ----------  --------------  -------------------
/opt/airflow/dags/youtube_pipeline.py                           1           0  0.14s           2026-05-13T11:42:36
================================================================================
[2026-05-13T11:43:34.043+0000] {manager.py:737} INFO - Searching for files in /opt/airflow/dags
[2026-05-13T11:43:34.072+0000] {manager.py:740} INFO - There are 1 files in /opt/airflow/dags
[2026-05-13T11:43:36.105+0000] {manager.py:878} INFO - 
================================================================================
DAG File Processing Stats

File Path                              PID    Runtime      # DAGs    # Errors  Last Runtime    Last Run
-------------------------------------  -----  ---------  --------  ----------  --------------  -------------------
/opt/airflow/dags/youtube_pipeline.py                           1           0  0.16s           2026-05-13T11:43:06
================================================================================
[2026-05-13T11:44:06.387+0000] {manager.py:878} INFO - 
================================================================================
DAG File Processing Stats

File Path                              PID    Runtime      # DAGs    # Errors  Last Runtime    Last Run
-------------------------------------  -----  ---------  --------  ----------  --------------  -------------------
/opt/airflow/dags/youtube_pipeline.py                           1           0  0.18s           2026-05-13T11:43:37
================================================================================
[2026-05-13T11:44:36.748+0000] {manager.py:878} INFO - 
================================================================================
DAG File Processing Stats

File Path                              PID    Runtime      # DAGs    # Errors  Last Runtime    Last Run
-------------------------------------  -----  ---------  --------  ----------  --------------  -------------------
/opt/airflow/dags/youtube_pipeline.py                           1           0  0.17s           2026-05-13T11:44:07
================================================================================
[2026-05-13T11:45:07.014+0000] {manager.py:878} INFO - 
================================================================================
DAG File Processing Stats

File Path                              PID    Runtime      # DAGs    # Errors  Last Runtime    Last Run
-------------------------------------  -----  ---------  --------  ----------  --------------  -------------------
/opt/airflow/dags/youtube_pipeline.py                           1           0  0.15s           2026-05-13T11:44:37
================================================================================
[2026-05-13T11:45:37.380+0000] {manager.py:878} INFO - 
================================================================================
DAG File Processing Stats

File Path                              PID    Runtime      # DAGs    # Errors  Last Runtime    Last Run
-------------------------------------  -----  ---------  --------  ----------  --------------  -------------------
/opt/airflow/dags/youtube_pipeline.py                           1           0  0.17s           2026-05-13T11:45:08
================================================================================
[2026-05-13T11:46:07.662+0000] {manager.py:878} INFO - 
================================================================================
DAG File Processing Stats

File Path                              PID    Runtime      # DAGs    # Errors  Last Runtime    Last Run
-------------------------------------  -----  ---------  --------  ----------  --------------  -------------------
/opt/airflow/dags/youtube_pipeline.py                           1           0  0.16s           2026-05-13T11:45:38
================================================================================
[2026-05-13T11:46:38.052+0000] {manager.py:878} INFO - 
================================================================================
DAG File Processing Stats

File Path                              PID    Runtime      # DAGs    # Errors  Last Runtime    Last Run
-------------------------------------  -----  ---------  --------  ----------  --------------  -------------------
/opt/airflow/dags/youtube_pipeline.py                           1           0  0.45s           2026-05-13T11:46:09
================================================================================
[2026-05-13T11:47:08.627+0000] {manager.py:878} INFO - 
================================================================================
DAG File Processing Stats

File Path                              PID    Runtime      # DAGs    # Errors  Last Runtime    Last Run
-------------------------------------  -----  ---------  --------  ----------  --------------  -------------------
/opt/airflow/dags/youtube_pipeline.py                           1           0  0.15s           2026-05-13T11:46:39
================================================================================
[2026-05-13T11:47:39.027+0000] {manager.py:878} INFO - 
================================================================================
DAG File Processing Stats

File Path                              PID    Runtime      # DAGs    # Errors  Last Runtime    Last Run
-------------------------------------  -----  ---------  --------  ----------  --------------  -------------------
/opt/airflow/dags/youtube_pipeline.py                           1           0  0.27s           2026-05-13T11:47:09
================================================================================
[2026-05-13T11:48:09.364+0000] {manager.py:878} INFO - 
================================================================================
DAG File Processing Stats

File Path                              PID    Runtime      # DAGs    # Errors  Last Runtime    Last Run
-------------------------------------  -----  ---------  --------  ----------  --------------  -------------------
/opt/airflow/dags/youtube_pipeline.py                           1           0  0.22s           2026-05-13T11:47:40
================================================================================
[2026-05-13T11:48:34.668+0000] {manager.py:737} INFO - Searching for files in /opt/airflow/dags
[2026-05-13T11:48:34.702+0000] {manager.py:740} INFO - There are 1 files in /opt/airflow/dags
[2026-05-13T11:48:39.757+0000] {manager.py:878} INFO - 
================================================================================
DAG File Processing Stats

File Path                              PID    Runtime      # DAGs    # Errors  Last Runtime    Last Run
-------------------------------------  -----  ---------  --------  ----------  --------------  -------------------
/opt/airflow/dags/youtube_pipeline.py                           1           0  0.22s           2026-05-13T11:48:10
================================================================================
[2026-05-13T11:49:10.063+0000] {manager.py:878} INFO - 
================================================================================
DAG File Processing Stats

File Path                              PID    Runtime      # DAGs    # Errors  Last Runtime    Last Run
-------------------------------------  -----  ---------  --------  ----------  --------------  -------------------
/opt/airflow/dags/youtube_pipeline.py                           1           0  0.17s           2026-05-13T11:48:40
================================================================================
[2026-05-13T11:49:40.417+0000] {manager.py:878} INFO - 
================================================================================
DAG File Processing Stats

File Path                              PID    Runtime      # DAGs    # Errors  Last Runtime    Last Run
-------------------------------------  -----  ---------  --------  ----------  --------------  -------------------
/opt/airflow/dags/youtube_pipeline.py                           1           0  0.16s           2026-05-13T11:49:11
================================================================================
[2026-05-13T11:50:10.704+0000] {manager.py:878} INFO - 
================================================================================
DAG File Processing Stats

File Path                              PID    Runtime      # DAGs    # Errors  Last Runtime    Last Run
-------------------------------------  -----  ---------  --------  ----------  --------------  -------------------
/opt/airflow/dags/youtube_pipeline.py                           1           0  0.20s           2026-05-13T11:49:41
================================================================================
[2026-05-13T11:50:40.980+0000] {manager.py:878} INFO - 
================================================================================
DAG File Processing Stats

File Path                              PID    Runtime      # DAGs    # Errors  Last Runtime    Last Run
-------------------------------------  -----  ---------  --------  ----------  --------------  -------------------
/opt/airflow/dags/youtube_pipeline.py                           1           0  0.16s           2026-05-13T11:50:11
================================================================================
[2026-05-13T11:51:11.369+0000] {manager.py:878} INFO - 
================================================================================
DAG File Processing Stats

File Path                              PID    Runtime      # DAGs    # Errors  Last Runtime    Last Run
-------------------------------------  -----  ---------  --------  ----------  --------------  -------------------
/opt/airflow/dags/youtube_pipeline.py                           1           0  0.16s           2026-05-13T11:50:42
================================================================================
[2026-05-13T11:51:41.610+0000] {manager.py:878} INFO - 
================================================================================
DAG File Processing Stats

File Path                              PID    Runtime      # DAGs    # Errors  Last Runtime    Last Run
-------------------------------------  -----  ---------  --------  ----------  --------------  -------------------
/opt/airflow/dags/youtube_pipeline.py                           1           0  0.18s           2026-05-13T11:51:12
================================================================================
[2026-05-13T11:52:11.860+0000] {manager.py:878} INFO - 
================================================================================
DAG File Processing Stats

File Path                              PID    Runtime      # DAGs    # Errors  Last Runtime    Last Run
-------------------------------------  -----  ---------  --------  ----------  --------------  -------------------
/opt/airflow/dags/youtube_pipeline.py                           1           0  0.16s           2026-05-13T11:51:42
================================================================================
[2026-05-13T11:52:42.252+0000] {manager.py:878} INFO - 
================================================================================
DAG File Processing Stats

File Path                              PID    Runtime      # DAGs    # Errors  Last Runtime    Last Run
-------------------------------------  -----  ---------  --------  ----------  --------------  -------------------
/opt/airflow/dags/youtube_pipeline.py                           1           0  0.17s           2026-05-13T11:52:13
================================================================================
[2026-05-13T11:53:12.488+0000] {manager.py:878} INFO - 
================================================================================
DAG File Processing Stats

File Path                              PID    Runtime      # DAGs    # Errors  Last Runtime    Last Run
-------------------------------------  -----  ---------  --------  ----------  --------------  -------------------
/opt/airflow/dags/youtube_pipeline.py                           1           0  0.17s           2026-05-13T11:52:43
================================================================================
[2026-05-13T11:53:34.800+0000] {manager.py:737} INFO - Searching for files in /opt/airflow/dags
[2026-05-13T11:53:34.938+0000] {manager.py:740} INFO - There are 1 files in /opt/airflow/dags
[2026-05-13T11:53:43.033+0000] {manager.py:878} INFO - 
================================================================================
DAG File Processing Stats

File Path                              PID    Runtime      # DAGs    # Errors  Last Runtime    Last Run
-------------------------------------  -----  ---------  --------  ----------  --------------  -------------------
/opt/airflow/dags/youtube_pipeline.py                           1           0  0.15s           2026-05-13T11:53:13
================================================================================
[2026-05-13T11:54:13.296+0000] {manager.py:878} INFO - 
================================================================================
DAG File Processing Stats

File Path                              PID    Runtime      # DAGs    # Errors  Last Runtime    Last Run
-------------------------------------  -----  ---------  --------  ----------  --------------  -------------------
/opt/airflow/dags/youtube_pipeline.py                           1           0  0.17s           2026-05-13T11:53:44
================================================================================
[2026-05-13T11:54:43.699+0000] {manager.py:878} INFO - 
================================================================================
DAG File Processing Stats

File Path                              PID    Runtime      # DAGs    # Errors  Last Runtime    Last Run
-------------------------------------  -----  ---------  --------  ----------  --------------  -------------------
/opt/airflow/dags/youtube_pipeline.py                           1           0  0.17s           2026-05-13T11:54:14
================================================================================
[2026-05-13T11:55:13.992+0000] {manager.py:878} INFO - 
================================================================================
DAG File Processing Stats

File Path                              PID    Runtime      # DAGs    # Errors  Last Runtime    Last Run
-------------------------------------  -----  ---------  --------  ----------  --------------  -------------------
/opt/airflow/dags/youtube_pipeline.py                           1           0  0.21s           2026-05-13T11:54:44
================================================================================
[2026-05-13T11:55:44.260+0000] {manager.py:878} INFO - 
================================================================================
DAG File Processing Stats

File Path                              PID    Runtime      # DAGs    # Errors  Last Runtime    Last Run
-------------------------------------  -----  ---------  --------  ----------  --------------  -------------------
/opt/airflow/dags/youtube_pipeline.py                           1           0  0.14s           2026-05-13T11:55:15
================================================================================
[2026-05-13T11:56:14.633+0000] {manager.py:878} INFO - 
================================================================================
DAG File Processing Stats

File Path                              PID    Runtime      # DAGs    # Errors  Last Runtime    Last Run
-------------------------------------  -----  ---------  --------  ----------  --------------  -------------------
/opt/airflow/dags/youtube_pipeline.py                           1           0  0.33s           2026-05-13T11:55:45
================================================================================
[2026-05-13T11:56:45.073+0000] {manager.py:878} INFO - 
================================================================================
DAG File Processing Stats

File Path                              PID    Runtime      # DAGs    # Errors  Last Runtime    Last Run
-------------------------------------  -----  ---------  --------  ----------  --------------  -------------------
/opt/airflow/dags/youtube_pipeline.py                           1           0  0.18s           2026-05-13T11:56:15
================================================================================
[2026-05-13T11:57:15.451+0000] {manager.py:878} INFO - 
================================================================================
DAG File Processing Stats

File Path                              PID    Runtime      # DAGs    # Errors  Last Runtime    Last Run
-------------------------------------  -----  ---------  --------  ----------  --------------  -------------------
/opt/airflow/dags/youtube_pipeline.py                           1           0  0.43s           2026-05-13T11:56:46
================================================================================
[2026-05-13T11:57:46.117+0000] {manager.py:878} INFO - 
================================================================================
DAG File Processing Stats

File Path                              PID    Runtime      # DAGs    # Errors  Last Runtime    Last Run
-------------------------------------  -----  ---------  --------  ----------  --------------  -------------------
/opt/airflow/dags/youtube_pipeline.py                           1           0  0.17s           2026-05-13T11:57:17
================================================================================
[2026-05-13T11:58:16.591+0000] {manager.py:878} INFO - 
================================================================================
DAG File Processing Stats

File Path                              PID    Runtime      # DAGs    # Errors  Last Runtime    Last Run
-------------------------------------  -----  ---------  --------  ----------  --------------  -------------------
/opt/airflow/dags/youtube_pipeline.py                           1           0  0.21s           2026-05-13T11:57:47
================================================================================
[2026-05-13T11:58:34.963+0000] {manager.py:737} INFO - Searching for files in /opt/airflow/dags
[2026-05-13T11:58:34.993+0000] {manager.py:740} INFO - There are 1 files in /opt/airflow/dags
[2026-05-13T11:58:47.096+0000] {manager.py:878} INFO - 
================================================================================
DAG File Processing Stats

File Path                              PID    Runtime      # DAGs    # Errors  Last Runtime    Last Run
-------------------------------------  -----  ---------  --------  ----------  --------------  -------------------
/opt/airflow/dags/youtube_pipeline.py                           1           0  0.38s           2026-05-13T11:58:44
================================================================================
[2026-05-13T11:59:17.558+0000] {manager.py:878} INFO - 
================================================================================
DAG File Processing Stats

File Path                              PID    Runtime      # DAGs    # Errors  Last Runtime    Last Run
-------------------------------------  -----  ---------  --------  ----------  --------------  -------------------
/opt/airflow/dags/youtube_pipeline.py                           1           0  0.18s           2026-05-13T11:58:48
================================================================================
[2026-05-13T11:59:47.823+0000] {manager.py:878} INFO - 
================================================================================
DAG File Processing Stats

File Path                              PID    Runtime      # DAGs    # Errors  Last Runtime    Last Run
-------------------------------------  -----  ---------  --------  ----------  --------------  -------------------
/opt/airflow/dags/youtube_pipeline.py                           1           0  0.14s           2026-05-13T11:59:18
================================================================================
[2026-05-13T12:00:18.134+0000] {manager.py:878} INFO - 
================================================================================
DAG File Processing Stats

File Path                              PID    Runtime      # DAGs    # Errors  Last Runtime    Last Run
-------------------------------------  -----  ---------  --------  ----------  --------------  -------------------
/opt/airflow/dags/youtube_pipeline.py                           1           0  0.15s           2026-05-13T11:59:48
================================================================================
[2026-05-13T12:00:48.460+0000] {manager.py:878} INFO - 
================================================================================
DAG File Processing Stats

File Path                              PID    Runtime      # DAGs    # Errors  Last Runtime    Last Run
-------------------------------------  -----  ---------  --------  ----------  --------------  -------------------
/opt/airflow/dags/youtube_pipeline.py                           1           0  0.15s           2026-05-13T12:00:19
================================================================================
[2026-05-13T12:01:18.746+0000] {manager.py:878} INFO - 
================================================================================
DAG File Processing Stats

File Path                              PID    Runtime      # DAGs    # Errors  Last Runtime    Last Run
-------------------------------------  -----  ---------  --------  ----------  --------------  -------------------
/opt/airflow/dags/youtube_pipeline.py                           1           0  0.15s           2026-05-13T12:00:49
================================================================================
[2026-05-13T12:01:49.089+0000] {manager.py:878} INFO - 
================================================================================
DAG File Processing Stats

File Path                              PID    Runtime      # DAGs    # Errors  Last Runtime    Last Run
-------------------------------------  -----  ---------  --------  ----------  --------------  -------------------
/opt/airflow/dags/youtube_pipeline.py                           1           0  0.14s           2026-05-13T12:01:19
================================================================================
[2026-05-13T12:02:19.377+0000] {manager.py:878} INFO - 
================================================================================
DAG File Processing Stats

File Path                              PID    Runtime      # DAGs    # Errors  Last Runtime    Last Run
-------------------------------------  -----  ---------  --------  ----------  --------------  -------------------
/opt/airflow/dags/youtube_pipeline.py                           1           0  0.16s           2026-05-13T12:01:50
================================================================================
[2026-05-13T12:02:49.738+0000] {manager.py:878} INFO - 
================================================================================
DAG File Processing Stats

File Path                              PID    Runtime      # DAGs    # Errors  Last Runtime    Last Run
-------------------------------------  -----  ---------  --------  ----------  --------------  -------------------
/opt/airflow/dags/youtube_pipeline.py                           1           0  0.14s           2026-05-13T12:02:20
================================================================================
[2026-05-13T12:03:19.998+0000] {manager.py:878} INFO - 
================================================================================
DAG File Processing Stats

File Path                              PID    Runtime      # DAGs    # Errors  Last Runtime    Last Run
-------------------------------------  -----  ---------  --------  ----------  --------------  -------------------
/opt/airflow/dags/youtube_pipeline.py                           1           0  0.22s           2026-05-13T12:02:50
================================================================================
[2026-05-13T12:03:35.323+0000] {manager.py:737} INFO - Searching for files in /opt/airflow/dags
[2026-05-13T12:03:35.379+0000] {manager.py:740} INFO - There are 1 files in /opt/airflow/dags
[2026-05-13T12:03:50.517+0000] {manager.py:878} INFO - 
================================================================================
DAG File Processing Stats

File Path                              PID    Runtime      # DAGs    # Errors  Last Runtime    Last Run
-------------------------------------  -----  ---------  --------  ----------  --------------  -------------------
/opt/airflow/dags/youtube_pipeline.py                           1           0  0.22s           2026-05-13T12:03:21
================================================================================
[2026-05-13T12:04:20.808+0000] {manager.py:878} INFO - 
================================================================================
DAG File Processing Stats

File Path                              PID    Runtime      # DAGs    # Errors  Last Runtime    Last Run
-------------------------------------  -----  ---------  --------  ----------  --------------  -------------------
/opt/airflow/dags/youtube_pipeline.py                           1           0  0.16s           2026-05-13T12:03:51
================================================================================
[2026-05-13T12:04:51.157+0000] {manager.py:878} INFO - 
================================================================================
DAG File Processing Stats

File Path                              PID    Runtime      # DAGs    # Errors  Last Runtime    Last Run
-------------------------------------  -----  ---------  --------  ----------  --------------  -------------------
/opt/airflow/dags/youtube_pipeline.py                           1           0  0.15s           2026-05-13T12:04:21
================================================================================
[2026-05-13T12:05:21.498+0000] {manager.py:878} INFO - 
================================================================================
DAG File Processing Stats

File Path                              PID    Runtime      # DAGs    # Errors  Last Runtime    Last Run
-------------------------------------  -----  ---------  --------  ----------  --------------  -------------------
/opt/airflow/dags/youtube_pipeline.py                           1           0  0.23s           2026-05-13T12:04:52
================================================================================
[2026-05-13T12:05:51.984+0000] {manager.py:878} INFO - 
================================================================================
DAG File Processing Stats

File Path                              PID    Runtime      # DAGs    # Errors  Last Runtime    Last Run
-------------------------------------  -----  ---------  --------  ----------  --------------  -------------------
/opt/airflow/dags/youtube_pipeline.py                           1           0  0.24s           2026-05-13T12:05:22
================================================================================
[2026-05-13T12:06:22.335+0000] {manager.py:878} INFO - 
================================================================================
DAG File Processing Stats

File Path                              PID    Runtime      # DAGs    # Errors  Last Runtime    Last Run
-------------------------------------  -----  ---------  --------  ----------  --------------  -------------------
/opt/airflow/dags/youtube_pipeline.py                           1           0  0.48s           2026-05-13T12:05:53
================================================================================
[2026-05-13T12:06:52.632+0000] {manager.py:878} INFO - 
================================================================================
DAG File Processing Stats

File Path                              PID    Runtime      # DAGs    # Errors  Last Runtime    Last Run
-------------------------------------  -----  ---------  --------  ----------  --------------  -------------------
/opt/airflow/dags/youtube_pipeline.py                           1           0  0.41s           2026-05-13T12:06:24
================================================================================
[2026-05-13T12:07:23.075+0000] {manager.py:878} INFO - 
================================================================================
DAG File Processing Stats

File Path                              PID    Runtime      # DAGs    # Errors  Last Runtime    Last Run
-------------------------------------  -----  ---------  --------  ----------  --------------  -------------------
/opt/airflow/dags/youtube_pipeline.py                           1           0  0.32s           2026-05-13T12:06:55
================================================================================
[2026-05-13T12:07:53.689+0000] {manager.py:878} INFO - 
================================================================================
DAG File Processing Stats

File Path                              PID    Runtime      # DAGs    # Errors  Last Runtime    Last Run
-------------------------------------  -----  ---------  --------  ----------  --------------  -------------------
/opt/airflow/dags/youtube_pipeline.py                           1           0  0.36s           2026-05-13T12:07:25
================================================================================
[2026-05-13T12:08:24.089+0000] {manager.py:878} INFO - 
================================================================================
DAG File Processing Stats

File Path                              PID    Runtime      # DAGs    # Errors  Last Runtime    Last Run
-------------------------------------  -----  ---------  --------  ----------  --------------  -------------------
/opt/airflow/dags/youtube_pipeline.py                           1           0  0.26s           2026-05-13T12:07:56
================================================================================
[2026-05-13T12:08:35.396+0000] {manager.py:737} INFO - Searching for files in /opt/airflow/dags
[2026-05-13T12:08:35.429+0000] {manager.py:740} INFO - There are 1 files in /opt/airflow/dags
[2026-05-13T12:08:54.657+0000] {manager.py:878} INFO - 
================================================================================
DAG File Processing Stats

File Path                              PID    Runtime      # DAGs    # Errors  Last Runtime    Last Run
-------------------------------------  -----  ---------  --------  ----------  --------------  -------------------
/opt/airflow/dags/youtube_pipeline.py                           1           0  0.21s           2026-05-13T12:08:26
================================================================================
[2026-05-13T12:09:25.074+0000] {manager.py:878} INFO - 
================================================================================
DAG File Processing Stats

File Path                              PID    Runtime      # DAGs    # Errors  Last Runtime    Last Run
-------------------------------------  -----  ---------  --------  ----------  --------------  -------------------
/opt/airflow/dags/youtube_pipeline.py                           1           0  0.25s           2026-05-13T12:08:56
================================================================================
[2026-05-13T12:09:55.612+0000] {manager.py:878} INFO - 
================================================================================
DAG File Processing Stats

File Path                              PID    Runtime      # DAGs    # Errors  Last Runtime    Last Run
-------------------------------------  -----  ---------  --------  ----------  --------------  -------------------
/opt/airflow/dags/youtube_pipeline.py                           1           0  0.20s           2026-05-13T12:09:27
================================================================================
[2026-05-13T12:10:25.991+0000] {manager.py:878} INFO - 
================================================================================
DAG File Processing Stats

File Path                              PID    Runtime      # DAGs    # Errors  Last Runtime    Last Run
-------------------------------------  -----  ---------  --------  ----------  --------------  -------------------
/opt/airflow/dags/youtube_pipeline.py                           1           0  0.29s           2026-05-13T12:09:57
================================================================================
[2026-05-13T12:10:56.697+0000] {manager.py:878} INFO - 
================================================================================
DAG File Processing Stats

File Path                              PID    Runtime      # DAGs    # Errors  Last Runtime    Last Run
-------------------------------------  -----  ---------  --------  ----------  --------------  -------------------
/opt/airflow/dags/youtube_pipeline.py                           1           0  0.30s           2026-05-13T12:10:28
================================================================================
[2026-05-13T12:11:27.129+0000] {manager.py:878} INFO - 
================================================================================
DAG File Processing Stats

File Path                              PID    Runtime      # DAGs    # Errors  Last Runtime    Last Run
-------------------------------------  -----  ---------  --------  ----------  --------------  -------------------
/opt/airflow/dags/youtube_pipeline.py                           1           0  0.20s           2026-05-13T12:10:58
================================================================================
[2026-05-13T12:11:57.432+0000] {manager.py:878} INFO - 
================================================================================
DAG File Processing Stats

File Path                              PID    Runtime      # DAGs    # Errors  Last Runtime    Last Run
-------------------------------------  -----  ---------  --------  ----------  --------------  -------------------
/opt/airflow/dags/youtube_pipeline.py                           1           0  0.17s           2026-05-13T12:11:29
================================================================================
[2026-05-13T12:12:27.793+0000] {manager.py:878} INFO - 
================================================================================
DAG File Processing Stats

File Path                              PID    Runtime      # DAGs    # Errors  Last Runtime    Last Run
-------------------------------------  -----  ---------  --------  ----------  --------------  -------------------
/opt/airflow/dags/youtube_pipeline.py                           1           0  0.15s           2026-05-13T12:11:59
================================================================================
[2026-05-13T12:12:58.087+0000] {manager.py:878} INFO - 
================================================================================
DAG File Processing Stats

File Path                              PID    Runtime      # DAGs    # Errors  Last Runtime    Last Run
-------------------------------------  -----  ---------  --------  ----------  --------------  -------------------
/opt/airflow/dags/youtube_pipeline.py                           1           0  0.15s           2026-05-13T12:12:29
================================================================================
[2026-05-13T12:13:28.463+0000] {manager.py:878} INFO - 
================================================================================
DAG File Processing Stats

File Path                              PID    Runtime      # DAGs    # Errors  Last Runtime    Last Run
-------------------------------------  -----  ---------  --------  ----------  --------------  -------------------
/opt/airflow/dags/youtube_pipeline.py                           1           0  0.16s           2026-05-13T12:13:00
================================================================================
[2026-05-13T12:13:35.544+0000] {manager.py:737} INFO - Searching for files in /opt/airflow/dags
[2026-05-13T12:13:35.573+0000] {manager.py:740} INFO - There are 1 files in /opt/airflow/dags
[2026-05-13T12:13:58.770+0000] {manager.py:878} INFO - 
================================================================================
DAG File Processing Stats

File Path                              PID    Runtime      # DAGs    # Errors  Last Runtime    Last Run
-------------------------------------  -----  ---------  --------  ----------  --------------  -------------------
/opt/airflow/dags/youtube_pipeline.py                           1           0  0.16s           2026-05-13T12:13:30
================================================================================
[2026-05-13T12:14:29.074+0000] {manager.py:878} INFO - 
================================================================================
DAG File Processing Stats

File Path                              PID    Runtime      # DAGs    # Errors  Last Runtime    Last Run
-------------------------------------  -----  ---------  --------  ----------  --------------  -------------------
/opt/airflow/dags/youtube_pipeline.py                           1           0  0.15s           2026-05-13T12:14:00
================================================================================
[2026-05-13T12:14:59.425+0000] {manager.py:878} INFO - 
================================================================================
DAG File Processing Stats

File Path                              PID    Runtime      # DAGs    # Errors  Last Runtime    Last Run
-------------------------------------  -----  ---------  --------  ----------  --------------  -------------------
/opt/airflow/dags/youtube_pipeline.py                           1           0  0.18s           2026-05-13T12:14:31
================================================================================
[2026-05-13T12:15:29.720+0000] {manager.py:878} INFO - 
================================================================================
DAG File Processing Stats

File Path                              PID    Runtime      # DAGs    # Errors  Last Runtime    Last Run
-------------------------------------  -----  ---------  --------  ----------  --------------  -------------------
/opt/airflow/dags/youtube_pipeline.py                           1           0  0.18s           2026-05-13T12:15:01
================================================================================
[2026-05-13T12:16:00.009+0000] {manager.py:878} INFO - 
================================================================================
DAG File Processing Stats

File Path                              PID    Runtime      # DAGs    # Errors  Last Runtime    Last Run
-------------------------------------  -----  ---------  --------  ----------  --------------  -------------------
/opt/airflow/dags/youtube_pipeline.py                           1           0  0.18s           2026-05-13T12:15:31
================================================================================
[2026-05-13T12:16:30.412+0000] {manager.py:878} INFO - 
================================================================================
DAG File Processing Stats

File Path                              PID    Runtime      # DAGs    # Errors  Last Runtime    Last Run
-------------------------------------  -----  ---------  --------  ----------  --------------  -------------------
/opt/airflow/dags/youtube_pipeline.py                           1           0  0.16s           2026-05-13T12:16:02
================================================================================
[2026-05-13T12:17:00.685+0000] {manager.py:878} INFO - 
================================================================================
DAG File Processing Stats

File Path                              PID    Runtime      # DAGs    # Errors  Last Runtime    Last Run
-------------------------------------  -----  ---------  --------  ----------  --------------  -------------------
/opt/airflow/dags/youtube_pipeline.py                           1           0  0.19s           2026-05-13T12:16:32
================================================================================
[2026-05-13T12:17:31.104+0000] {manager.py:878} INFO - 
================================================================================
DAG File Processing Stats

File Path                              PID    Runtime      # DAGs    # Errors  Last Runtime    Last Run
-------------------------------------  -----  ---------  --------  ----------  --------------  -------------------
/opt/airflow/dags/youtube_pipeline.py                           1           0  0.23s           2026-05-13T12:17:02
================================================================================
[2026-05-13T12:18:01.400+0000] {manager.py:878} INFO - 
================================================================================
DAG File Processing Stats

File Path                              PID    Runtime      # DAGs    # Errors  Last Runtime    Last Run
-------------------------------------  -----  ---------  --------  ----------  --------------  -------------------
/opt/airflow/dags/youtube_pipeline.py                           1           0  0.17s           2026-05-13T12:17:33
================================================================================
[2026-05-13T12:18:31.770+0000] {manager.py:878} INFO - 
================================================================================
DAG File Processing Stats

File Path                              PID    Runtime      # DAGs    # Errors  Last Runtime    Last Run
-------------------------------------  -----  ---------  --------  ----------  --------------  -------------------
/opt/airflow/dags/youtube_pipeline.py                           1           0  0.18s           2026-05-13T12:18:03
================================================================================
[2026-05-13T12:18:35.844+0000] {manager.py:737} INFO - Searching for files in /opt/airflow/dags
[2026-05-13T12:18:35.878+0000] {manager.py:740} INFO - There are 1 files in /opt/airflow/dags
[2026-05-13T12:19:02.145+0000] {manager.py:878} INFO - 
================================================================================
DAG File Processing Stats

File Path                              PID    Runtime      # DAGs    # Errors  Last Runtime    Last Run
-------------------------------------  -----  ---------  --------  ----------  --------------  -------------------
/opt/airflow/dags/youtube_pipeline.py                           1           0  0.17s           2026-05-13T12:18:33
================================================================================
[2026-05-13T12:19:32.485+0000] {manager.py:878} INFO - 
================================================================================
DAG File Processing Stats

File Path                              PID    Runtime      # DAGs    # Errors  Last Runtime    Last Run
-------------------------------------  -----  ---------  --------  ----------  --------------  -------------------
/opt/airflow/dags/youtube_pipeline.py                           1           0  0.16s           2026-05-13T12:19:04
================================================================================
[2026-05-13T12:20:02.771+0000] {manager.py:878} INFO - 
================================================================================
DAG File Processing Stats

File Path                              PID    Runtime      # DAGs    # Errors  Last Runtime    Last Run
-------------------------------------  -----  ---------  --------  ----------  --------------  -------------------
/opt/airflow/dags/youtube_pipeline.py                           1           0  0.22s           2026-05-13T12:19:34
================================================================================
[2026-05-13T12:20:33.219+0000] {manager.py:878} INFO - 
================================================================================
DAG File Processing Stats

File Path                              PID    Runtime      # DAGs    # Errors  Last Runtime    Last Run
-------------------------------------  -----  ---------  --------  ----------  --------------  -------------------
/opt/airflow/dags/youtube_pipeline.py                           1           0  0.20s           2026-05-13T12:20:04
================================================================================
[2026-05-13T12:21:03.502+0000] {manager.py:878} INFO - 
================================================================================
DAG File Processing Stats

File Path                              PID    Runtime      # DAGs    # Errors  Last Runtime    Last Run
-------------------------------------  -----  ---------  --------  ----------  --------------  -------------------
/opt/airflow/dags/youtube_pipeline.py                           1           0  0.15s           2026-05-13T12:20:35
================================================================================
[2026-05-13T12:21:33.850+0000] {manager.py:878} INFO - 
================================================================================
DAG File Processing Stats

File Path                              PID    Runtime      # DAGs    # Errors  Last Runtime    Last Run
-------------------------------------  -----  ---------  --------  ----------  --------------  -------------------
/opt/airflow/dags/youtube_pipeline.py                           1           0  0.21s           2026-05-13T12:21:05
================================================================================
[2026-05-13T12:22:04.194+0000] {manager.py:878} INFO - 
================================================================================
DAG File Processing Stats

File Path                              PID    Runtime      # DAGs    # Errors  Last Runtime    Last Run
-------------------------------------  -----  ---------  --------  ----------  --------------  -------------------
/opt/airflow/dags/youtube_pipeline.py                           1           0  0.16s           2026-05-13T12:21:36
================================================================================
[2026-05-13T12:22:34.480+0000] {manager.py:878} INFO - 
================================================================================
DAG File Processing Stats

File Path                              PID    Runtime      # DAGs    # Errors  Last Runtime    Last Run
-------------------------------------  -----  ---------  --------  ----------  --------------  -------------------
/opt/airflow/dags/youtube_pipeline.py                           1           0  0.17s           2026-05-13T12:22:06
================================================================================
[2026-05-13T12:23:04.728+0000] {manager.py:878} INFO - 
================================================================================
DAG File Processing Stats

File Path                              PID    Runtime      # DAGs    # Errors  Last Runtime    Last Run
-------------------------------------  -----  ---------  --------  ----------  --------------  -------------------
/opt/airflow/dags/youtube_pipeline.py                           1           0  0.16s           2026-05-13T12:22:36
================================================================================
[2026-05-13T12:23:35.100+0000] {manager.py:878} INFO - 
================================================================================
DAG File Processing Stats

File Path                              PID    Runtime      # DAGs    # Errors  Last Runtime    Last Run
-------------------------------------  -----  ---------  --------  ----------  --------------  -------------------
/opt/airflow/dags/youtube_pipeline.py                           1           0  0.17s           2026-05-13T12:23:06
================================================================================
[2026-05-13T12:23:36.107+0000] {manager.py:737} INFO - Searching for files in /opt/airflow/dags
[2026-05-13T12:23:36.150+0000] {manager.py:740} INFO - There are 1 files in /opt/airflow/dags
[2026-05-13T12:24:05.421+0000] {manager.py:878} INFO - 
================================================================================
DAG File Processing Stats

File Path                              PID    Runtime      # DAGs    # Errors  Last Runtime    Last Run
-------------------------------------  -----  ---------  --------  ----------  --------------  -------------------
/opt/airflow/dags/youtube_pipeline.py                           1           0  0.16s           2026-05-13T12:23:37
================================================================================
[2026-05-13T12:24:35.792+0000] {manager.py:878} INFO - 
================================================================================
DAG File Processing Stats

File Path                              PID    Runtime      # DAGs    # Errors  Last Runtime    Last Run
-------------------------------------  -----  ---------  --------  ----------  --------------  -------------------
/opt/airflow/dags/youtube_pipeline.py                           1           0  0.15s           2026-05-13T12:24:07
================================================================================
[2026-05-13T12:25:06.051+0000] {manager.py:878} INFO - 
================================================================================
DAG File Processing Stats

File Path                              PID    Runtime      # DAGs    # Errors  Last Runtime    Last Run
-------------------------------------  -----  ---------  --------  ----------  --------------  -------------------
/opt/airflow/dags/youtube_pipeline.py                           1           0  0.15s           2026-05-13T12:24:37
================================================================================
[2026-05-13T12:25:36.443+0000] {manager.py:878} INFO - 
================================================================================
DAG File Processing Stats

File Path                              PID    Runtime      # DAGs    # Errors  Last Runtime    Last Run
-------------------------------------  -----  ---------  --------  ----------  --------------  -------------------
/opt/airflow/dags/youtube_pipeline.py                           1           0  0.16s           2026-05-13T12:25:08
================================================================================
[2026-05-13T12:26:06.733+0000] {manager.py:878} INFO - 
================================================================================
DAG File Processing Stats

File Path                              PID    Runtime      # DAGs    # Errors  Last Runtime    Last Run
-------------------------------------  -----  ---------  --------  ----------  --------------  -------------------
/opt/airflow/dags/youtube_pipeline.py                           1           0  0.18s           2026-05-13T12:25:38
================================================================================
[2026-05-13T12:26:37.085+0000] {manager.py:878} INFO - 
================================================================================
DAG File Processing Stats

File Path                              PID    Runtime      # DAGs    # Errors  Last Runtime    Last Run
-------------------------------------  -----  ---------  --------  ----------  --------------  -------------------
/opt/airflow/dags/youtube_pipeline.py                           1           0  0.15s           2026-05-13T12:26:08
================================================================================
[2026-05-13T12:27:07.442+0000] {manager.py:878} INFO - 
================================================================================
DAG File Processing Stats

File Path                              PID    Runtime      # DAGs    # Errors  Last Runtime    Last Run
-------------------------------------  -----  ---------  --------  ----------  --------------  -------------------
/opt/airflow/dags/youtube_pipeline.py                           1           0  0.29s           2026-05-13T12:26:39
================================================================================
[2026-05-13T12:27:37.942+0000] {manager.py:878} INFO - 
================================================================================
DAG File Processing Stats

File Path                              PID    Runtime      # DAGs    # Errors  Last Runtime    Last Run
-------------------------------------  -----  ---------  --------  ----------  --------------  -------------------
/opt/airflow/dags/youtube_pipeline.py                           1           0  0.14s           2026-05-13T12:27:09
================================================================================
[2026-05-13T12:28:08.289+0000] {manager.py:878} INFO - 
================================================================================
DAG File Processing Stats

File Path                              PID    Runtime      # DAGs    # Errors  Last Runtime    Last Run
-------------------------------------  -----  ---------  --------  ----------  --------------  -------------------
/opt/airflow/dags/youtube_pipeline.py                           1           0  0.15s           2026-05-13T12:27:40
================================================================================
[2026-05-13T12:28:36.548+0000] {manager.py:737} INFO - Searching for files in /opt/airflow/dags
[2026-05-13T12:28:36.575+0000] {manager.py:740} INFO - There are 1 files in /opt/airflow/dags
[2026-05-13T12:28:38.610+0000] {manager.py:878} INFO - 
================================================================================
DAG File Processing Stats

File Path                              PID    Runtime      # DAGs    # Errors  Last Runtime    Last Run
-------------------------------------  -----  ---------  --------  ----------  --------------  -------------------
/opt/airflow/dags/youtube_pipeline.py                           1           0  0.15s           2026-05-13T12:28:10
================================================================================
[2026-05-13T12:29:08.924+0000] {manager.py:878} INFO - 
================================================================================
DAG File Processing Stats

File Path                              PID    Runtime      # DAGs    # Errors  Last Runtime    Last Run
-------------------------------------  -----  ---------  --------  ----------  --------------  -------------------
/opt/airflow/dags/youtube_pipeline.py                           1           0  0.16s           2026-05-13T12:28:40
================================================================================
[2026-05-13T12:29:39.282+0000] {manager.py:878} INFO - 
================================================================================
DAG File Processing Stats

File Path                              PID    Runtime      # DAGs    # Errors  Last Runtime    Last Run
-------------------------------------  -----  ---------  --------  ----------  --------------  -------------------
/opt/airflow/dags/youtube_pipeline.py                           1           0  0.16s           2026-05-13T12:29:11
================================================================================
[2026-05-13T12:30:09.615+0000] {manager.py:878} INFO - 
================================================================================
DAG File Processing Stats

File Path                              PID    Runtime      # DAGs    # Errors  Last Runtime    Last Run
-------------------------------------  -----  ---------  --------  ----------  --------------  -------------------
/opt/airflow/dags/youtube_pipeline.py                           1           0  0.16s           2026-05-13T12:29:41
================================================================================
[2026-05-13T12:30:39.936+0000] {manager.py:878} INFO - 
================================================================================
DAG File Processing Stats

File Path                              PID    Runtime      # DAGs    # Errors  Last Runtime    Last Run
-------------------------------------  -----  ---------  --------  ----------  --------------  -------------------
/opt/airflow/dags/youtube_pipeline.py                           1           0  0.15s           2026-05-13T12:30:11
================================================================================
[2026-05-13T12:31:10.216+0000] {manager.py:878} INFO - 
================================================================================
DAG File Processing Stats

File Path                              PID    Runtime      # DAGs    # Errors  Last Runtime    Last Run
-------------------------------------  -----  ---------  --------  ----------  --------------  -------------------
/opt/airflow/dags/youtube_pipeline.py                           1           0  0.21s           2026-05-13T12:30:42
================================================================================
[2026-05-13T12:31:40.630+0000] {manager.py:878} INFO - 
================================================================================
DAG File Processing Stats

File Path                              PID    Runtime      # DAGs    # Errors  Last Runtime    Last Run
-------------------------------------  -----  ---------  --------  ----------  --------------  -------------------
/opt/airflow/dags/youtube_pipeline.py                           1           0  0.16s           2026-05-13T12:31:12
================================================================================
[2026-05-13T12:32:10.902+0000] {manager.py:878} INFO - 
================================================================================
DAG File Processing Stats

File Path                              PID    Runtime      # DAGs    # Errors  Last Runtime    Last Run
-------------------------------------  -----  ---------  --------  ----------  --------------  -------------------
/opt/airflow/dags/youtube_pipeline.py                           1           0  0.15s           2026-05-13T12:31:42
================================================================================
[2026-05-13T12:32:41.248+0000] {manager.py:878} INFO - 
================================================================================
DAG File Processing Stats

File Path                              PID    Runtime      # DAGs    # Errors  Last Runtime    Last Run
-------------------------------------  -----  ---------  --------  ----------  --------------  -------------------
/opt/airflow/dags/youtube_pipeline.py                           1           0  0.15s           2026-05-13T12:32:13
================================================================================
[2026-05-13T12:33:11.510+0000] {manager.py:878} INFO - 
================================================================================
DAG File Processing Stats

File Path                              PID    Runtime      # DAGs    # Errors  Last Runtime    Last Run
-------------------------------------  -----  ---------  --------  ----------  --------------  -------------------
/opt/airflow/dags/youtube_pipeline.py                           1           0  0.16s           2026-05-13T12:32:43
================================================================================
[2026-05-13T12:33:36.896+0000] {manager.py:737} INFO - Searching for files in /opt/airflow/dags
[2026-05-13T12:33:36.925+0000] {manager.py:740} INFO - There are 1 files in /opt/airflow/dags
[2026-05-13T12:33:41.973+0000] {manager.py:878} INFO - 
================================================================================
DAG File Processing Stats

File Path                              PID    Runtime      # DAGs    # Errors  Last Runtime    Last Run
-------------------------------------  -----  ---------  --------  ----------  --------------  -------------------
/opt/airflow/dags/youtube_pipeline.py                           1           0  0.17s           2026-05-13T12:33:13
================================================================================
[2026-05-13T12:34:12.258+0000] {manager.py:878} INFO - 
================================================================================
DAG File Processing Stats

File Path                              PID    Runtime      # DAGs    # Errors  Last Runtime    Last Run
-------------------------------------  -----  ---------  --------  ----------  --------------  -------------------
/opt/airflow/dags/youtube_pipeline.py                           1           0  0.15s           2026-05-13T12:33:44
================================================================================
[2026-05-13T12:34:42.587+0000] {manager.py:878} INFO - 
================================================================================
DAG File Processing Stats

File Path                              PID    Runtime      # DAGs    # Errors  Last Runtime    Last Run
-------------------------------------  -----  ---------  --------  ----------  --------------  -------------------
/opt/airflow/dags/youtube_pipeline.py                           1           0  0.20s           2026-05-13T12:34:14
================================================================================
[2026-05-13T12:35:12.946+0000] {manager.py:878} INFO - 
================================================================================
DAG File Processing Stats

File Path                              PID    Runtime      # DAGs    # Errors  Last Runtime    Last Run
-------------------------------------  -----  ---------  --------  ----------  --------------  -------------------
/opt/airflow/dags/youtube_pipeline.py                           1           0  0.15s           2026-05-13T12:34:44
================================================================================
[2026-05-13T12:35:43.210+0000] {manager.py:878} INFO - 
================================================================================
DAG File Processing Stats

File Path                              PID    Runtime      # DAGs    # Errors  Last Runtime    Last Run
-------------------------------------  -----  ---------  --------  ----------  --------------  -------------------
/opt/airflow/dags/youtube_pipeline.py                           1           0  0.18s           2026-05-13T12:35:15
================================================================================
[2026-05-13T12:36:13.564+0000] {manager.py:878} INFO - 
================================================================================
DAG File Processing Stats

File Path                              PID    Runtime      # DAGs    # Errors  Last Runtime    Last Run
-------------------------------------  -----  ---------  --------  ----------  --------------  -------------------
/opt/airflow/dags/youtube_pipeline.py                           1           0  0.18s           2026-05-13T12:35:45
================================================================================
[2026-05-13T12:36:43.837+0000] {manager.py:878} INFO - 
================================================================================
DAG File Processing Stats

File Path                              PID    Runtime      # DAGs    # Errors  Last Runtime    Last Run
-------------------------------------  -----  ---------  --------  ----------  --------------  -------------------
/opt/airflow/dags/youtube_pipeline.py                           1           0  0.20s           2026-05-13T12:36:15
================================================================================
[2026-05-13T12:37:14.263+0000] {manager.py:878} INFO - 
================================================================================
DAG File Processing Stats

File Path                              PID    Runtime      # DAGs    # Errors  Last Runtime    Last Run
-------------------------------------  -----  ---------  --------  ----------  --------------  -------------------
/opt/airflow/dags/youtube_pipeline.py                           1           0  0.18s           2026-05-13T12:36:46
================================================================================
[2026-05-13T12:37:44.513+0000] {manager.py:878} INFO - 
================================================================================
DAG File Processing Stats

File Path                              PID    Runtime      # DAGs    # Errors  Last Runtime    Last Run
-------------------------------------  -----  ---------  --------  ----------  --------------  -------------------
/opt/airflow/dags/youtube_pipeline.py                           1           0  0.17s           2026-05-13T12:37:16
================================================================================
[2026-05-13T12:38:14.951+0000] {manager.py:878} INFO - 
================================================================================
DAG File Processing Stats

File Path                              PID    Runtime      # DAGs    # Errors  Last Runtime    Last Run
-------------------------------------  -----  ---------  --------  ----------  --------------  -------------------
/opt/airflow/dags/youtube_pipeline.py                           1           0  0.18s           2026-05-13T12:37:46
================================================================================
[2026-05-13T12:38:37.173+0000] {manager.py:737} INFO - Searching for files in /opt/airflow/dags
[2026-05-13T12:38:37.206+0000] {manager.py:740} INFO - There are 1 files in /opt/airflow/dags
[2026-05-13T12:38:45.278+0000] {manager.py:878} INFO - 
================================================================================
DAG File Processing Stats

File Path                              PID    Runtime      # DAGs    # Errors  Last Runtime    Last Run
-------------------------------------  -----  ---------  --------  ----------  --------------  -------------------
/opt/airflow/dags/youtube_pipeline.py                           1           0  0.17s           2026-05-13T12:38:17
================================================================================
[2026-05-13T12:39:15.583+0000] {manager.py:878} INFO - 
================================================================================
DAG File Processing Stats

File Path                              PID    Runtime      # DAGs    # Errors  Last Runtime    Last Run
-------------------------------------  -----  ---------  --------  ----------  --------------  -------------------
/opt/airflow/dags/youtube_pipeline.py                           1           0  0.16s           2026-05-13T12:38:47
================================================================================
[2026-05-13T12:39:45.871+0000] {manager.py:878} INFO - 
================================================================================
DAG File Processing Stats

File Path                              PID    Runtime      # DAGs    # Errors  Last Runtime    Last Run
-------------------------------------  -----  ---------  --------  ----------  --------------  -------------------
/opt/airflow/dags/youtube_pipeline.py                           1           0  0.16s           2026-05-13T12:39:17
================================================================================
[2026-05-13T12:40:16.218+0000] {manager.py:878} INFO - 
================================================================================
DAG File Processing Stats

File Path                              PID    Runtime      # DAGs    # Errors  Last Runtime    Last Run
-------------------------------------  -----  ---------  --------  ----------  --------------  -------------------
/opt/airflow/dags/youtube_pipeline.py                           1           0  0.15s           2026-05-13T12:39:48
================================================================================
[2026-05-13T12:40:46.479+0000] {manager.py:878} INFO - 
================================================================================
DAG File Processing Stats

File Path                              PID    Runtime      # DAGs    # Errors  Last Runtime    Last Run
-------------------------------------  -----  ---------  --------  ----------  --------------  -------------------
/opt/airflow/dags/youtube_pipeline.py                           1           0  0.16s           2026-05-13T12:40:18
================================================================================
[2026-05-13T12:41:16.854+0000] {manager.py:878} INFO - 
================================================================================
DAG File Processing Stats

File Path                              PID    Runtime      # DAGs    # Errors  Last Runtime    Last Run
-------------------------------------  -----  ---------  --------  ----------  --------------  -------------------
/opt/airflow/dags/youtube_pipeline.py                           1           0  0.14s           2026-05-13T12:40:48
================================================================================
[2026-05-13T12:41:47.138+0000] {manager.py:878} INFO - 
================================================================================
DAG File Processing Stats

File Path                              PID    Runtime      # DAGs    # Errors  Last Runtime    Last Run
-------------------------------------  -----  ---------  --------  ----------  --------------  -------------------
/opt/airflow/dags/youtube_pipeline.py                           1           0  0.15s           2026-05-13T12:41:19
================================================================================
[2026-05-13T12:42:17.520+0000] {manager.py:878} INFO - 
================================================================================
DAG File Processing Stats

File Path                              PID    Runtime      # DAGs    # Errors  Last Runtime    Last Run
-------------------------------------  -----  ---------  --------  ----------  --------------  -------------------
/opt/airflow/dags/youtube_pipeline.py                           1           0  0.18s           2026-05-13T12:41:49
================================================================================
[2026-05-13T12:42:47.790+0000] {manager.py:878} INFO - 
================================================================================
DAG File Processing Stats

File Path                              PID    Runtime      # DAGs    # Errors  Last Runtime    Last Run
-------------------------------------  -----  ---------  --------  ----------  --------------  -------------------
/opt/airflow/dags/youtube_pipeline.py                           1           0  0.16s           2026-05-13T12:42:19
================================================================================
[2026-05-13T12:43:18.147+0000] {manager.py:878} INFO - 
================================================================================
DAG File Processing Stats

File Path                              PID    Runtime      # DAGs    # Errors  Last Runtime    Last Run
-------------------------------------  -----  ---------  --------  ----------  --------------  -------------------
/opt/airflow/dags/youtube_pipeline.py                           1           0  0.15s           2026-05-13T12:42:49
================================================================================
[2026-05-13T12:43:37.336+0000] {manager.py:737} INFO - Searching for files in /opt/airflow/dags
[2026-05-13T12:43:37.364+0000] {manager.py:740} INFO - There are 1 files in /opt/airflow/dags
[2026-05-13T12:43:48.487+0000] {manager.py:878} INFO - 
================================================================================
DAG File Processing Stats

File Path                              PID    Runtime      # DAGs    # Errors  Last Runtime    Last Run
-------------------------------------  -----  ---------  --------  ----------  --------------  -------------------
/opt/airflow/dags/youtube_pipeline.py                           1           0  0.14s           2026-05-13T12:43:20
================================================================================
[2026-05-13T12:44:18.743+0000] {manager.py:878} INFO - 
================================================================================
DAG File Processing Stats

File Path                              PID    Runtime      # DAGs    # Errors  Last Runtime    Last Run
-------------------------------------  -----  ---------  --------  ----------  --------------  -------------------
/opt/airflow/dags/youtube_pipeline.py                           1           0  0.15s           2026-05-13T12:43:50
================================================================================
[2026-05-13T12:44:49.074+0000] {manager.py:878} INFO - 
================================================================================
DAG File Processing Stats

File Path                              PID    Runtime      # DAGs    # Errors  Last Runtime    Last Run
-------------------------------------  -----  ---------  --------  ----------  --------------  -------------------
/opt/airflow/dags/youtube_pipeline.py                           1           0  0.14s           2026-05-13T12:44:20
================================================================================
[2026-05-13T12:45:19.392+0000] {manager.py:878} INFO - 
================================================================================
DAG File Processing Stats

File Path                              PID    Runtime      # DAGs    # Errors  Last Runtime    Last Run
-------------------------------------  -----  ---------  --------  ----------  --------------  -------------------
/opt/airflow/dags/youtube_pipeline.py                           1           0  0.15s           2026-05-13T12:44:51
================================================================================
[2026-05-13T13:08:14.908+0000] {manager.py:737} INFO - Searching for files in /opt/airflow/dags
[2026-05-13T13:08:14.971+0000] {manager.py:740} INFO - There are 1 files in /opt/airflow/dags
[2026-05-13T13:08:32.443+0000] {manager.py:878} INFO - 
================================================================================
DAG File Processing Stats

File Path                              PID    Runtime      # DAGs    # Errors  Last Runtime    Last Run
-------------------------------------  -----  ---------  --------  ----------  --------------  -------------------
/opt/airflow/dags/youtube_pipeline.py                           1           0  0.29s           2026-05-13T13:08:15
================================================================================
[2026-05-13T13:09:02.692+0000] {manager.py:878} INFO - 
================================================================================
DAG File Processing Stats

File Path                              PID    Runtime      # DAGs    # Errors  Last Runtime    Last Run
-------------------------------------  -----  ---------  --------  ----------  --------------  -------------------
/opt/airflow/dags/youtube_pipeline.py                           1           0  0.19s           2026-05-13T13:08:45
================================================================================
[2026-05-13T13:09:33.114+0000] {manager.py:878} INFO - 
================================================================================
DAG File Processing Stats

File Path                              PID    Runtime      # DAGs    # Errors  Last Runtime    Last Run
-------------------------------------  -----  ---------  --------  ----------  --------------  -------------------
/opt/airflow/dags/youtube_pipeline.py                           1           0  0.16s           2026-05-13T13:09:15
================================================================================
[2026-05-13T13:10:03.370+0000] {manager.py:878} INFO - 
================================================================================
DAG File Processing Stats

File Path                              PID    Runtime      # DAGs    # Errors  Last Runtime    Last Run
-------------------------------------  -----  ---------  --------  ----------  --------------  -------------------
/opt/airflow/dags/youtube_pipeline.py                           1           0  0.14s           2026-05-13T13:09:46
================================================================================
[2026-05-13T13:10:33.760+0000] {manager.py:878} INFO - 
================================================================================
DAG File Processing Stats

File Path                              PID    Runtime      # DAGs    # Errors  Last Runtime    Last Run
-------------------------------------  -----  ---------  --------  ----------  --------------  -------------------
/opt/airflow/dags/youtube_pipeline.py                           1           0  0.16s           2026-05-13T13:10:16
================================================================================
[2026-05-13T13:11:04.065+0000] {manager.py:878} INFO - 
================================================================================
DAG File Processing Stats

File Path                              PID    Runtime      # DAGs    # Errors  Last Runtime    Last Run
-------------------------------------  -----  ---------  --------  ----------  --------------  -------------------
/opt/airflow/dags/youtube_pipeline.py                           1           0  0.15s           2026-05-13T13:10:47
================================================================================
[2026-05-13T13:11:34.386+0000] {manager.py:878} INFO - 
================================================================================
DAG File Processing Stats

File Path                              PID    Runtime      # DAGs    # Errors  Last Runtime    Last Run
-------------------------------------  -----  ---------  --------  ----------  --------------  -------------------
/opt/airflow/dags/youtube_pipeline.py                           1           0  0.19s           2026-05-13T13:11:17
================================================================================
[2026-05-13T13:12:04.721+0000] {manager.py:878} INFO - 
================================================================================
DAG File Processing Stats

File Path                              PID    Runtime      # DAGs    # Errors  Last Runtime    Last Run
-------------------------------------  -----  ---------  --------  ----------  --------------  -------------------
/opt/airflow/dags/youtube_pipeline.py                           1           0  0.16s           2026-05-13T13:11:47
================================================================================
[2026-05-13T13:12:34.982+0000] {manager.py:878} INFO - 
================================================================================
DAG File Processing Stats

File Path                              PID    Runtime      # DAGs    # Errors  Last Runtime    Last Run
-------------------------------------  -----  ---------  --------  ----------  --------------  -------------------
/opt/airflow/dags/youtube_pipeline.py                           1           0  0.18s           2026-05-13T13:12:18
================================================================================
[2026-05-13T13:13:05.358+0000] {manager.py:878} INFO - 
================================================================================
DAG File Processing Stats

File Path                              PID    Runtime      # DAGs    # Errors  Last Runtime    Last Run
-------------------------------------  -----  ---------  --------  ----------  --------------  -------------------
/opt/airflow/dags/youtube_pipeline.py                           1           0  0.24s           2026-05-13T13:12:48
================================================================================
[2026-05-13T13:13:15.437+0000] {manager.py:737} INFO - Searching for files in /opt/airflow/dags
[2026-05-13T13:13:15.466+0000] {manager.py:740} INFO - There are 1 files in /opt/airflow/dags
[2026-05-13T13:13:35.736+0000] {manager.py:878} INFO - 
================================================================================
DAG File Processing Stats

File Path                              PID    Runtime      # DAGs    # Errors  Last Runtime    Last Run
-------------------------------------  -----  ---------  --------  ----------  --------------  -------------------
/opt/airflow/dags/youtube_pipeline.py                           1           0  0.17s           2026-05-13T13:13:18
================================================================================
[2026-05-13T13:14:06.058+0000] {manager.py:878} INFO - 
================================================================================
DAG File Processing Stats

File Path                              PID    Runtime      # DAGs    # Errors  Last Runtime    Last Run
-------------------------------------  -----  ---------  --------  ----------  --------------  -------------------
/opt/airflow/dags/youtube_pipeline.py                           1           0  0.15s           2026-05-13T13:13:49
================================================================================
[2026-05-13T13:14:36.329+0000] {manager.py:878} INFO - 
================================================================================
DAG File Processing Stats

File Path                              PID    Runtime      # DAGs    # Errors  Last Runtime    Last Run
-------------------------------------  -----  ---------  --------  ----------  --------------  -------------------
/opt/airflow/dags/youtube_pipeline.py                           1           0  0.17s           2026-05-13T13:14:19
================================================================================
[2026-05-13T13:15:06.731+0000] {manager.py:878} INFO - 
================================================================================
DAG File Processing Stats

File Path                              PID    Runtime      # DAGs    # Errors  Last Runtime    Last Run
-------------------------------------  -----  ---------  --------  ----------  --------------  -------------------
/opt/airflow/dags/youtube_pipeline.py                           1           0  0.16s           2026-05-13T13:14:49
================================================================================
[2026-05-13T13:15:36.997+0000] {manager.py:878} INFO - 
================================================================================
DAG File Processing Stats

File Path                              PID    Runtime      # DAGs    # Errors  Last Runtime    Last Run
-------------------------------------  -----  ---------  --------  ----------  --------------  -------------------
/opt/airflow/dags/youtube_pipeline.py                           1           0  0.14s           2026-05-13T13:15:19
================================================================================
[2026-05-13T13:16:07.347+0000] {manager.py:878} INFO - 
================================================================================
DAG File Processing Stats

File Path                              PID    Runtime      # DAGs    # Errors  Last Runtime    Last Run
-------------------------------------  -----  ---------  --------  ----------  --------------  -------------------
/opt/airflow/dags/youtube_pipeline.py                           1           0  0.14s           2026-05-13T13:15:50
================================================================================
[2026-05-13T13:16:37.617+0000] {manager.py:878} INFO - 
================================================================================
DAG File Processing Stats

File Path                              PID    Runtime      # DAGs    # Errors  Last Runtime    Last Run
-------------------------------------  -----  ---------  --------  ----------  --------------  -------------------
/opt/airflow/dags/youtube_pipeline.py                           1           0  0.17s           2026-05-13T13:16:20
================================================================================
[2026-05-13T13:17:07.964+0000] {manager.py:878} INFO - 
================================================================================
DAG File Processing Stats

File Path                              PID    Runtime      # DAGs    # Errors  Last Runtime    Last Run
-------------------------------------  -----  ---------  --------  ----------  --------------  -------------------
/opt/airflow/dags/youtube_pipeline.py                           1           0  0.16s           2026-05-13T13:16:50
================================================================================
[2026-05-13T13:17:38.332+0000] {manager.py:878} INFO - 
================================================================================
DAG File Processing Stats

File Path                              PID    Runtime      # DAGs    # Errors  Last Runtime    Last Run
-------------------------------------  -----  ---------  --------  ----------  --------------  -------------------
/opt/airflow/dags/youtube_pipeline.py                           1           0  0.19s           2026-05-13T13:17:21
================================================================================
[2026-05-13T13:18:08.744+0000] {manager.py:878} INFO - 
================================================================================
DAG File Processing Stats

File Path                              PID    Runtime      # DAGs    # Errors  Last Runtime    Last Run
-------------------------------------  -----  ---------  --------  ----------  --------------  -------------------
/opt/airflow/dags/youtube_pipeline.py                           1           0  0.19s           2026-05-13T13:17:51
================================================================================
[2026-05-13T13:18:15.794+0000] {manager.py:737} INFO - Searching for files in /opt/airflow/dags
[2026-05-13T13:18:15.826+0000] {manager.py:740} INFO - There are 1 files in /opt/airflow/dags
[2026-05-13T13:18:39.058+0000] {manager.py:878} INFO - 
================================================================================
DAG File Processing Stats

File Path                              PID    Runtime      # DAGs    # Errors  Last Runtime    Last Run
-------------------------------------  -----  ---------  --------  ----------  --------------  -------------------
/opt/airflow/dags/youtube_pipeline.py                           1           0  0.23s           2026-05-13T13:18:22
================================================================================
[2026-05-13T13:19:09.505+0000] {manager.py:878} INFO - 
================================================================================
DAG File Processing Stats

File Path                              PID    Runtime      # DAGs    # Errors  Last Runtime    Last Run
-------------------------------------  -----  ---------  --------  ----------  --------------  -------------------
/opt/airflow/dags/youtube_pipeline.py                           1           0  0.21s           2026-05-13T13:18:52
================================================================================
[2026-05-13T13:19:39.751+0000] {manager.py:878} INFO - 
================================================================================
DAG File Processing Stats

File Path                              PID    Runtime      # DAGs    # Errors  Last Runtime    Last Run
-------------------------------------  -----  ---------  --------  ----------  --------------  -------------------
/opt/airflow/dags/youtube_pipeline.py                           1           0  0.16s           2026-05-13T13:19:22
================================================================================
[2026-05-13T13:20:10.116+0000] {manager.py:878} INFO - 
================================================================================
DAG File Processing Stats

File Path                              PID    Runtime      # DAGs    # Errors  Last Runtime    Last Run
-------------------------------------  -----  ---------  --------  ----------  --------------  -------------------
/opt/airflow/dags/youtube_pipeline.py                           1           0  0.15s           2026-05-13T13:19:53
================================================================================
[2026-05-13T13:20:40.411+0000] {manager.py:878} INFO - 
================================================================================
DAG File Processing Stats

File Path                              PID    Runtime      # DAGs    # Errors  Last Runtime    Last Run
-------------------------------------  -----  ---------  --------  ----------  --------------  -------------------
/opt/airflow/dags/youtube_pipeline.py                           1           0  0.19s           2026-05-13T13:20:23
================================================================================
[2026-05-13T13:21:10.788+0000] {manager.py:878} INFO - 
================================================================================
DAG File Processing Stats

File Path                              PID    Runtime      # DAGs    # Errors  Last Runtime    Last Run
-------------------------------------  -----  ---------  --------  ----------  --------------  -------------------
/opt/airflow/dags/youtube_pipeline.py                           1           0  0.19s           2026-05-13T13:20:53
================================================================================
[2026-05-13T13:21:41.090+0000] {manager.py:878} INFO - 
================================================================================
DAG File Processing Stats

File Path                              PID    Runtime      # DAGs    # Errors  Last Runtime    Last Run
-------------------------------------  -----  ---------  --------  ----------  --------------  -------------------
/opt/airflow/dags/youtube_pipeline.py                           1           0  0.22s           2026-05-13T13:21:24
================================================================================
[2026-05-13T13:22:11.516+0000] {manager.py:878} INFO - 
================================================================================
DAG File Processing Stats

File Path                              PID    Runtime      # DAGs    # Errors  Last Runtime    Last Run
-------------------------------------  -----  ---------  --------  ----------  --------------  -------------------
/opt/airflow/dags/youtube_pipeline.py                           1           0  0.16s           2026-05-13T13:21:54
================================================================================
[2026-05-13T13:22:41.788+0000] {manager.py:878} INFO - 
================================================================================
DAG File Processing Stats

File Path                              PID    Runtime      # DAGs    # Errors  Last Runtime    Last Run
-------------------------------------  -----  ---------  --------  ----------  --------------  -------------------
/opt/airflow/dags/youtube_pipeline.py                           1           0  0.22s           2026-05-13T13:22:24
================================================================================
[2026-05-13T13:23:12.214+0000] {manager.py:878} INFO - 
================================================================================
DAG File Processing Stats

File Path                              PID    Runtime      # DAGs    # Errors  Last Runtime    Last Run
-------------------------------------  -----  ---------  --------  ----------  --------------  -------------------
/opt/airflow/dags/youtube_pipeline.py                           1           0  0.20s           2026-05-13T13:22:55
================================================================================
[2026-05-13T13:23:16.251+0000] {manager.py:737} INFO - Searching for files in /opt/airflow/dags
[2026-05-13T13:23:16.368+0000] {manager.py:740} INFO - There are 1 files in /opt/airflow/dags
[2026-05-13T13:23:42.610+0000] {manager.py:878} INFO - 
================================================================================
DAG File Processing Stats

File Path                              PID    Runtime      # DAGs    # Errors  Last Runtime    Last Run
-------------------------------------  -----  ---------  --------  ----------  --------------  -------------------
/opt/airflow/dags/youtube_pipeline.py                           1           0  0.20s           2026-05-13T13:23:25
================================================================================
[2026-05-13T13:24:13.010+0000] {manager.py:878} INFO - 
================================================================================
DAG File Processing Stats

File Path                              PID    Runtime      # DAGs    # Errors  Last Runtime    Last Run
-------------------------------------  -----  ---------  --------  ----------  --------------  -------------------
/opt/airflow/dags/youtube_pipeline.py                           1           0  0.18s           2026-05-13T13:23:55
================================================================================
[2026-05-13T13:24:43.288+0000] {manager.py:878} INFO - 
================================================================================
DAG File Processing Stats

File Path                              PID    Runtime      # DAGs    # Errors  Last Runtime    Last Run
-------------------------------------  -----  ---------  --------  ----------  --------------  -------------------
/opt/airflow/dags/youtube_pipeline.py                           1           0  0.15s           2026-05-13T13:24:26
================================================================================
[2026-05-13T13:25:13.648+0000] {manager.py:878} INFO - 
================================================================================
DAG File Processing Stats

File Path                              PID    Runtime      # DAGs    # Errors  Last Runtime    Last Run
-------------------------------------  -----  ---------  --------  ----------  --------------  -------------------
/opt/airflow/dags/youtube_pipeline.py                           1           0  0.16s           2026-05-13T13:24:56
================================================================================
[2026-05-13T13:25:43.946+0000] {manager.py:878} INFO - 
================================================================================
DAG File Processing Stats

File Path                              PID    Runtime      # DAGs    # Errors  Last Runtime    Last Run
-------------------------------------  -----  ---------  --------  ----------  --------------  -------------------
/opt/airflow/dags/youtube_pipeline.py                           1           0  0.18s           2026-05-13T13:25:26
================================================================================
[2026-05-13T13:26:14.318+0000] {manager.py:878} INFO - 
================================================================================
DAG File Processing Stats

File Path                              PID    Runtime      # DAGs    # Errors  Last Runtime    Last Run
-------------------------------------  -----  ---------  --------  ----------  --------------  -------------------
/opt/airflow/dags/youtube_pipeline.py                           1           0  0.25s           2026-05-13T13:25:57
================================================================================
[2026-05-13T13:26:44.731+0000] {manager.py:878} INFO - 
================================================================================
DAG File Processing Stats

File Path                              PID    Runtime      # DAGs    # Errors  Last Runtime    Last Run
-------------------------------------  -----  ---------  --------  ----------  --------------  -------------------
/opt/airflow/dags/youtube_pipeline.py                           1           0  0.32s           2026-05-13T13:26:27
================================================================================
[2026-05-13T13:27:15.162+0000] {manager.py:878} INFO - 
================================================================================
DAG File Processing Stats

File Path                              PID    Runtime      # DAGs    # Errors  Last Runtime    Last Run
-------------------------------------  -----  ---------  --------  ----------  --------------  -------------------
/opt/airflow/dags/youtube_pipeline.py                           1           0  0.21s           2026-05-13T13:26:58
================================================================================
[2026-05-13T13:27:45.496+0000] {manager.py:878} INFO - 
================================================================================
DAG File Processing Stats

File Path                              PID    Runtime      # DAGs    # Errors  Last Runtime    Last Run
-------------------------------------  -----  ---------  --------  ----------  --------------  -------------------
/opt/airflow/dags/youtube_pipeline.py                           1           0  0.37s           2026-05-13T13:27:28
================================================================================
[2026-05-13T13:28:16.069+0000] {manager.py:878} INFO - 
================================================================================
DAG File Processing Stats

File Path                              PID    Runtime      # DAGs    # Errors  Last Runtime    Last Run
-------------------------------------  -----  ---------  --------  ----------  --------------  -------------------
/opt/airflow/dags/youtube_pipeline.py                           1           0  0.22s           2026-05-13T13:27:59
================================================================================
[2026-05-13T13:28:16.289+0000] {manager.py:737} INFO - Searching for files in /opt/airflow/dags
[2026-05-13T13:28:16.337+0000] {manager.py:740} INFO - There are 1 files in /opt/airflow/dags
[2026-05-13T13:28:46.358+0000] {manager.py:878} INFO - 
================================================================================
DAG File Processing Stats

File Path                              PID    Runtime      # DAGs    # Errors  Last Runtime    Last Run
-------------------------------------  -----  ---------  --------  ----------  --------------  -------------------
/opt/airflow/dags/youtube_pipeline.py                           1           0  0.20s           2026-05-13T13:28:29
================================================================================
[2026-05-13T13:29:16.621+0000] {manager.py:878} INFO - 
================================================================================
DAG File Processing Stats

File Path                              PID    Runtime      # DAGs    # Errors  Last Runtime    Last Run
-------------------------------------  -----  ---------  --------  ----------  --------------  -------------------
/opt/airflow/dags/youtube_pipeline.py                           1           0  0.16s           2026-05-13T13:28:59
================================================================================
[2026-05-13T13:29:47.027+0000] {manager.py:878} INFO - 
================================================================================
DAG File Processing Stats

File Path                              PID    Runtime      # DAGs    # Errors  Last Runtime    Last Run
-------------------------------------  -----  ---------  --------  ----------  --------------  -------------------
/opt/airflow/dags/youtube_pipeline.py                           1           0  0.19s           2026-05-13T13:29:29
================================================================================
[2026-05-13T13:30:17.321+0000] {manager.py:878} INFO - 
================================================================================
DAG File Processing Stats

File Path                              PID    Runtime      # DAGs    # Errors  Last Runtime    Last Run
-------------------------------------  -----  ---------  --------  ----------  --------------  -------------------
/opt/airflow/dags/youtube_pipeline.py                           1           0  0.20s           2026-05-13T13:30:00
================================================================================
[2026-05-13T13:30:47.772+0000] {manager.py:878} INFO - 
================================================================================
DAG File Processing Stats

File Path                              PID    Runtime      # DAGs    # Errors  Last Runtime    Last Run
-------------------------------------  -----  ---------  --------  ----------  --------------  -------------------
/opt/airflow/dags/youtube_pipeline.py                           1           0  0.21s           2026-05-13T13:30:30
================================================================================
[2026-05-13T13:31:18.043+0000] {manager.py:878} INFO - 
================================================================================
DAG File Processing Stats

File Path                              PID    Runtime      # DAGs    # Errors  Last Runtime    Last Run
-------------------------------------  -----  ---------  --------  ----------  --------------  -------------------
/opt/airflow/dags/youtube_pipeline.py                           1           0  0.25s           2026-05-13T13:31:01
================================================================================
[2026-05-13T13:31:48.507+0000] {manager.py:878} INFO - 
================================================================================
DAG File Processing Stats

File Path                              PID    Runtime      # DAGs    # Errors  Last Runtime    Last Run
-------------------------------------  -----  ---------  --------  ----------  --------------  -------------------
/opt/airflow/dags/youtube_pipeline.py                           1           0  0.19s           2026-05-13T13:31:31
================================================================================
[2026-05-13T13:32:18.815+0000] {manager.py:878} INFO - 
================================================================================
DAG File Processing Stats

File Path                              PID    Runtime      # DAGs    # Errors  Last Runtime    Last Run
-------------------------------------  -----  ---------  --------  ----------  --------------  -------------------
/opt/airflow/dags/youtube_pipeline.py                           1           0  0.17s           2026-05-13T13:32:01
================================================================================
[2026-05-13T13:32:49.158+0000] {manager.py:878} INFO - 
================================================================================
DAG File Processing Stats

File Path                              PID    Runtime      # DAGs    # Errors  Last Runtime    Last Run
-------------------------------------  -----  ---------  --------  ----------  --------------  -------------------
/opt/airflow/dags/youtube_pipeline.py                           1           0  0.14s           2026-05-13T13:32:32
================================================================================
[2026-05-13T13:33:16.414+0000] {manager.py:737} INFO - Searching for files in /opt/airflow/dags
[2026-05-13T13:33:16.447+0000] {manager.py:740} INFO - There are 1 files in /opt/airflow/dags
[2026-05-13T13:33:19.482+0000] {manager.py:878} INFO - 
================================================================================
DAG File Processing Stats

File Path                              PID    Runtime      # DAGs    # Errors  Last Runtime    Last Run
-------------------------------------  -----  ---------  --------  ----------  --------------  -------------------
/opt/airflow/dags/youtube_pipeline.py                           1           0  0.29s           2026-05-13T13:33:02
================================================================================
[2026-05-13T13:33:49.930+0000] {manager.py:878} INFO - 
================================================================================
DAG File Processing Stats

File Path                              PID    Runtime      # DAGs    # Errors  Last Runtime    Last Run
-------------------------------------  -----  ---------  --------  ----------  --------------  -------------------
/opt/airflow/dags/youtube_pipeline.py                           1           0  0.21s           2026-05-13T13:33:32
================================================================================
[2026-05-13T13:34:20.254+0000] {manager.py:878} INFO - 
================================================================================
DAG File Processing Stats

File Path                              PID    Runtime      # DAGs    # Errors  Last Runtime    Last Run
-------------------------------------  -----  ---------  --------  ----------  --------------  -------------------
/opt/airflow/dags/youtube_pipeline.py                           1           0  0.21s           2026-05-13T13:34:03
================================================================================
[2026-05-13T13:34:50.532+0000] {manager.py:878} INFO - 
================================================================================
DAG File Processing Stats

File Path                              PID    Runtime      # DAGs    # Errors  Last Runtime    Last Run
-------------------------------------  -----  ---------  --------  ----------  --------------  -------------------
/opt/airflow/dags/youtube_pipeline.py                           1           0  0.15s           2026-05-13T13:34:33
================================================================================
[2026-05-13T13:35:20.954+0000] {manager.py:878} INFO - 
================================================================================
DAG File Processing Stats

File Path                              PID    Runtime      # DAGs    # Errors  Last Runtime    Last Run
-------------------------------------  -----  ---------  --------  ----------  --------------  -------------------
/opt/airflow/dags/youtube_pipeline.py                           1           0  0.31s           2026-05-13T13:35:03
================================================================================
[2026-05-13T13:35:51.367+0000] {manager.py:878} INFO - 
================================================================================
DAG File Processing Stats

File Path                              PID    Runtime      # DAGs    # Errors  Last Runtime    Last Run
-------------------------------------  -----  ---------  --------  ----------  --------------  -------------------
/opt/airflow/dags/youtube_pipeline.py                           1           0  0.20s           2026-05-13T13:35:34
================================================================================
[2026-05-13T13:36:21.645+0000] {manager.py:878} INFO - 
================================================================================
DAG File Processing Stats

File Path                              PID    Runtime      # DAGs    # Errors  Last Runtime    Last Run
-------------------------------------  -----  ---------  --------  ----------  --------------  -------------------
/opt/airflow/dags/youtube_pipeline.py                           1           0  0.17s           2026-05-13T13:36:04
================================================================================
[2026-05-13T13:36:52.058+0000] {manager.py:878} INFO - 
================================================================================
DAG File Processing Stats

File Path                              PID    Runtime      # DAGs    # Errors  Last Runtime    Last Run
-------------------------------------  -----  ---------  --------  ----------  --------------  -------------------
/opt/airflow/dags/youtube_pipeline.py                           1           0  0.17s           2026-05-13T13:36:34
================================================================================
[2026-05-13T13:37:22.352+0000] {manager.py:878} INFO - 
================================================================================
DAG File Processing Stats

File Path                              PID    Runtime      # DAGs    # Errors  Last Runtime    Last Run
-------------------------------------  -----  ---------  --------  ----------  --------------  -------------------
/opt/airflow/dags/youtube_pipeline.py                           1           0  0.21s           2026-05-13T13:37:05
================================================================================
[2026-05-13T13:37:52.826+0000] {manager.py:878} INFO - 
================================================================================
DAG File Processing Stats

File Path                              PID    Runtime      # DAGs    # Errors  Last Runtime    Last Run
-------------------------------------  -----  ---------  --------  ----------  --------------  -------------------
/opt/airflow/dags/youtube_pipeline.py                           1           0  0.19s           2026-05-13T13:37:35
================================================================================
[2026-05-13T13:38:17.097+0000] {manager.py:737} INFO - Searching for files in /opt/airflow/dags
[2026-05-13T13:38:17.261+0000] {manager.py:740} INFO - There are 1 files in /opt/airflow/dags
[2026-05-13T13:38:23.362+0000] {manager.py:878} INFO - 
================================================================================
DAG File Processing Stats

File Path                              PID    Runtime      # DAGs    # Errors  Last Runtime    Last Run
-------------------------------------  -----  ---------  --------  ----------  --------------  -------------------
/opt/airflow/dags/youtube_pipeline.py                           1           0  0.28s           2026-05-13T13:38:06
================================================================================
[2026-05-13T13:38:53.633+0000] {manager.py:878} INFO - 
================================================================================
DAG File Processing Stats

File Path                              PID    Runtime      # DAGs    # Errors  Last Runtime    Last Run
-------------------------------------  -----  ---------  --------  ----------  --------------  -------------------
/opt/airflow/dags/youtube_pipeline.py                           1           0  0.19s           2026-05-13T13:38:36
================================================================================
[2026-05-13T13:39:23.905+0000] {manager.py:878} INFO - 
================================================================================
DAG File Processing Stats

File Path                              PID    Runtime      # DAGs    # Errors  Last Runtime    Last Run
-------------------------------------  -----  ---------  --------  ----------  --------------  -------------------
/opt/airflow/dags/youtube_pipeline.py                           1           0  0.16s           2026-05-13T13:39:06
================================================================================
[2026-05-13T13:39:54.287+0000] {manager.py:878} INFO - 
================================================================================
DAG File Processing Stats

File Path                              PID    Runtime      # DAGs    # Errors  Last Runtime    Last Run
-------------------------------------  -----  ---------  --------  ----------  --------------  -------------------
/opt/airflow/dags/youtube_pipeline.py                           1           0  0.17s           2026-05-13T13:39:37
================================================================================
[2026-05-13T13:40:24.567+0000] {manager.py:878} INFO - 
================================================================================
DAG File Processing Stats

File Path                              PID    Runtime      # DAGs    # Errors  Last Runtime    Last Run
-------------------------------------  -----  ---------  --------  ----------  --------------  -------------------
/opt/airflow/dags/youtube_pipeline.py                           1           0  0.19s           2026-05-13T13:40:07
================================================================================
[2026-05-13T13:40:54.989+0000] {manager.py:878} INFO - 
================================================================================
DAG File Processing Stats

File Path                              PID    Runtime      # DAGs    # Errors  Last Runtime    Last Run
-------------------------------------  -----  ---------  --------  ----------  --------------  -------------------
/opt/airflow/dags/youtube_pipeline.py                           1           0  0.23s           2026-05-13T13:40:37
================================================================================
[2026-05-13T13:41:25.289+0000] {manager.py:878} INFO - 
================================================================================
DAG File Processing Stats

File Path                              PID    Runtime      # DAGs    # Errors  Last Runtime    Last Run
-------------------------------------  -----  ---------  --------  ----------  --------------  -------------------
/opt/airflow/dags/youtube_pipeline.py                           1           0  0.19s           2026-05-13T13:41:08
================================================================================
[2026-05-13T13:41:55.663+0000] {manager.py:878} INFO - 
================================================================================
DAG File Processing Stats

File Path                              PID    Runtime      # DAGs    # Errors  Last Runtime    Last Run
-------------------------------------  -----  ---------  --------  ----------  --------------  -------------------
/opt/airflow/dags/youtube_pipeline.py                           1           0  0.15s           2026-05-13T13:41:38
================================================================================
[2026-05-13T13:42:25.931+0000] {manager.py:878} INFO - 
================================================================================
DAG File Processing Stats

File Path                              PID    Runtime      # DAGs    # Errors  Last Runtime    Last Run
-------------------------------------  -----  ---------  --------  ----------  --------------  -------------------
/opt/airflow/dags/youtube_pipeline.py                           1           0  0.15s           2026-05-13T13:42:08
================================================================================
[2026-05-13T13:42:56.306+0000] {manager.py:878} INFO - 
================================================================================
DAG File Processing Stats

File Path                              PID    Runtime      # DAGs    # Errors  Last Runtime    Last Run
-------------------------------------  -----  ---------  --------  ----------  --------------  -------------------
/opt/airflow/dags/youtube_pipeline.py                           1           0  0.16s           2026-05-13T13:42:39
================================================================================
[2026-05-13T13:43:17.505+0000] {manager.py:737} INFO - Searching for files in /opt/airflow/dags
[2026-05-13T13:43:17.537+0000] {manager.py:740} INFO - There are 1 files in /opt/airflow/dags
[2026-05-13T13:43:26.624+0000] {manager.py:878} INFO - 
================================================================================
DAG File Processing Stats

File Path                              PID    Runtime      # DAGs    # Errors  Last Runtime    Last Run
-------------------------------------  -----  ---------  --------  ----------  --------------  -------------------
/opt/airflow/dags/youtube_pipeline.py                           1           0  0.15s           2026-05-13T13:43:09
================================================================================
[2026-05-13T13:43:56.934+0000] {manager.py:878} INFO - 
================================================================================
DAG File Processing Stats

File Path                              PID    Runtime      # DAGs    # Errors  Last Runtime    Last Run
-------------------------------------  -----  ---------  --------  ----------  --------------  -------------------
/opt/airflow/dags/youtube_pipeline.py                           1           0  0.15s           2026-05-13T13:43:39
================================================================================
[2026-05-13T13:44:27.245+0000] {manager.py:878} INFO - 
================================================================================
DAG File Processing Stats

File Path                              PID    Runtime      # DAGs    # Errors  Last Runtime    Last Run
-------------------------------------  -----  ---------  --------  ----------  --------------  -------------------
/opt/airflow/dags/youtube_pipeline.py                           1           0  0.16s           2026-05-13T13:44:10
================================================================================
[2026-05-13T13:44:57.538+0000] {manager.py:878} INFO - 
================================================================================
DAG File Processing Stats

File Path                              PID    Runtime      # DAGs    # Errors  Last Runtime    Last Run
-------------------------------------  -----  ---------  --------  ----------  --------------  -------------------
/opt/airflow/dags/youtube_pipeline.py                           1           0  0.19s           2026-05-13T13:44:40
================================================================================
[2026-05-13T13:45:27.927+0000] {manager.py:878} INFO - 
================================================================================
DAG File Processing Stats

File Path                              PID    Runtime      # DAGs    # Errors  Last Runtime    Last Run
-------------------------------------  -----  ---------  --------  ----------  --------------  -------------------
/opt/airflow/dags/youtube_pipeline.py                           1           0  0.18s           2026-05-13T13:45:10
================================================================================
[2026-05-13T13:45:58.189+0000] {manager.py:878} INFO - 
================================================================================
DAG File Processing Stats

File Path                              PID    Runtime      # DAGs    # Errors  Last Runtime    Last Run
-------------------------------------  -----  ---------  --------  ----------  --------------  -------------------
/opt/airflow/dags/youtube_pipeline.py                           1           0  0.20s           2026-05-13T13:45:41
================================================================================
[2026-05-13T13:46:28.577+0000] {manager.py:878} INFO - 
================================================================================
DAG File Processing Stats

File Path                              PID    Runtime      # DAGs    # Errors  Last Runtime    Last Run
-------------------------------------  -----  ---------  --------  ----------  --------------  -------------------
/opt/airflow/dags/youtube_pipeline.py                           1           0  0.20s           2026-05-13T13:46:11
================================================================================
[2026-05-13T13:46:58.889+0000] {manager.py:878} INFO - 
================================================================================
DAG File Processing Stats

File Path                              PID    Runtime      # DAGs    # Errors  Last Runtime    Last Run
-------------------------------------  -----  ---------  --------  ----------  --------------  -------------------
/opt/airflow/dags/youtube_pipeline.py                           1           0  0.17s           2026-05-13T13:46:41
================================================================================
[2026-05-13T13:47:29.225+0000] {manager.py:878} INFO - 
================================================================================
DAG File Processing Stats

File Path                              PID    Runtime      # DAGs    # Errors  Last Runtime    Last Run
-------------------------------------  -----  ---------  --------  ----------  --------------  -------------------
/opt/airflow/dags/youtube_pipeline.py                           1           0  0.26s           2026-05-13T13:47:12
================================================================================
[2026-05-13T13:47:59.676+0000] {manager.py:878} INFO - 
================================================================================
DAG File Processing Stats

File Path                              PID    Runtime      # DAGs    # Errors  Last Runtime    Last Run
-------------------------------------  -----  ---------  --------  ----------  --------------  -------------------
/opt/airflow/dags/youtube_pipeline.py                           1           0  0.24s           2026-05-13T13:47:42
================================================================================
[2026-05-13T13:48:17.853+0000] {manager.py:737} INFO - Searching for files in /opt/airflow/dags
[2026-05-13T13:48:17.890+0000] {manager.py:740} INFO - There are 1 files in /opt/airflow/dags
[2026-05-13T13:48:29.996+0000] {manager.py:878} INFO - 
================================================================================
DAG File Processing Stats

File Path                              PID    Runtime      # DAGs    # Errors  Last Runtime    Last Run
-------------------------------------  -----  ---------  --------  ----------  --------------  -------------------
/opt/airflow/dags/youtube_pipeline.py                           1           0  0.22s           2026-05-13T13:48:12
================================================================================
[2026-05-13T13:49:00.362+0000] {manager.py:878} INFO - 
================================================================================
DAG File Processing Stats

File Path                              PID    Runtime      # DAGs    # Errors  Last Runtime    Last Run
-------------------------------------  -----  ---------  --------  ----------  --------------  -------------------
/opt/airflow/dags/youtube_pipeline.py                           1           0  0.15s           2026-05-13T13:48:43
================================================================================
[2026-05-13T13:49:30.624+0000] {manager.py:878} INFO - 
================================================================================
DAG File Processing Stats

File Path                              PID    Runtime      # DAGs    # Errors  Last Runtime    Last Run
-------------------------------------  -----  ---------  --------  ----------  --------------  -------------------
/opt/airflow/dags/youtube_pipeline.py                           1           0  0.16s           2026-05-13T13:49:13
================================================================================
[2026-05-13T13:50:00.997+0000] {manager.py:878} INFO - 
================================================================================
DAG File Processing Stats

File Path                              PID    Runtime      # DAGs    # Errors  Last Runtime    Last Run
-------------------------------------  -----  ---------  --------  ----------  --------------  -------------------
/opt/airflow/dags/youtube_pipeline.py                           1           0  0.22s           2026-05-13T13:49:43
================================================================================
[2026-05-13T13:50:31.387+0000] {manager.py:878} INFO - 
================================================================================
DAG File Processing Stats

File Path                              PID    Runtime      # DAGs    # Errors  Last Runtime    Last Run
-------------------------------------  -----  ---------  --------  ----------  --------------  -------------------
/opt/airflow/dags/youtube_pipeline.py                           1           0  0.16s           2026-05-13T13:50:14
================================================================================
[2026-05-13T13:51:01.714+0000] {manager.py:878} INFO - 
================================================================================
DAG File Processing Stats

File Path                              PID    Runtime      # DAGs    # Errors  Last Runtime    Last Run
-------------------------------------  -----  ---------  --------  ----------  --------------  -------------------
/opt/airflow/dags/youtube_pipeline.py                           1           0  0.24s           2026-05-13T13:50:44
================================================================================
[2026-05-13T13:51:31.997+0000] {manager.py:878} INFO - 
================================================================================
DAG File Processing Stats

File Path                              PID    Runtime      # DAGs    # Errors  Last Runtime    Last Run
-------------------------------------  -----  ---------  --------  ----------  --------------  -------------------
/opt/airflow/dags/youtube_pipeline.py                           1           0  0.19s           2026-05-13T13:51:15
================================================================================
[2026-05-13T13:52:02.415+0000] {manager.py:878} INFO - 
================================================================================
DAG File Processing Stats

File Path                              PID    Runtime      # DAGs    # Errors  Last Runtime    Last Run
-------------------------------------  -----  ---------  --------  ----------  --------------  -------------------
/opt/airflow/dags/youtube_pipeline.py                           1           0  0.15s           2026-05-13T13:51:45
================================================================================
[2026-05-13T13:52:32.771+0000] {manager.py:878} INFO - 
================================================================================
DAG File Processing Stats

File Path                              PID    Runtime      # DAGs    # Errors  Last Runtime    Last Run
-------------------------------------  -----  ---------  --------  ----------  --------------  -------------------
/opt/airflow/dags/youtube_pipeline.py                           1           0  0.23s           2026-05-13T13:52:15
================================================================================
[2026-05-13T13:53:03.219+0000] {manager.py:878} INFO - 
================================================================================
DAG File Processing Stats

File Path                              PID    Runtime      # DAGs    # Errors  Last Runtime    Last Run
-------------------------------------  -----  ---------  --------  ----------  --------------  -------------------
/opt/airflow/dags/youtube_pipeline.py                           1           0  0.25s           2026-05-13T13:52:46
================================================================================
[2026-05-13T13:53:18.462+0000] {manager.py:737} INFO - Searching for files in /opt/airflow/dags
[2026-05-13T13:53:18.507+0000] {manager.py:740} INFO - There are 1 files in /opt/airflow/dags
[2026-05-13T13:53:33.680+0000] {manager.py:878} INFO - 
================================================================================
DAG File Processing Stats

File Path                              PID    Runtime      # DAGs    # Errors  Last Runtime    Last Run
-------------------------------------  -----  ---------  --------  ----------  --------------  -------------------
/opt/airflow/dags/youtube_pipeline.py                           1           0  0.38s           2026-05-13T13:53:16
================================================================================
[2026-05-13T13:54:04.106+0000] {manager.py:878} INFO - 
================================================================================
DAG File Processing Stats

File Path                              PID    Runtime      # DAGs    # Errors  Last Runtime    Last Run
-------------------------------------  -----  ---------  --------  ----------  --------------  -------------------
/opt/airflow/dags/youtube_pipeline.py                           1           0  0.34s           2026-05-13T13:53:47
================================================================================
[2026-05-13T13:54:34.517+0000] {manager.py:878} INFO - 
================================================================================
DAG File Processing Stats

File Path                              PID    Runtime      # DAGs    # Errors  Last Runtime    Last Run
-------------------------------------  -----  ---------  --------  ----------  --------------  -------------------
/opt/airflow/dags/youtube_pipeline.py                           1           0  0.27s           2026-05-13T13:54:17
================================================================================
[2026-05-13T13:55:04.890+0000] {manager.py:878} INFO - 
================================================================================
DAG File Processing Stats

File Path                              PID    Runtime      # DAGs    # Errors  Last Runtime    Last Run
-------------------------------------  -----  ---------  --------  ----------  --------------  -------------------
/opt/airflow/dags/youtube_pipeline.py                           1           0  0.16s           2026-05-13T13:54:47
================================================================================
[2026-05-13T13:55:35.159+0000] {manager.py:878} INFO - 
================================================================================
DAG File Processing Stats

File Path                              PID    Runtime      # DAGs    # Errors  Last Runtime    Last Run
-------------------------------------  -----  ---------  --------  ----------  --------------  -------------------
/opt/airflow/dags/youtube_pipeline.py                           1           0  0.18s           2026-05-13T13:55:18
================================================================================
[2026-05-13T13:56:05.515+0000] {manager.py:878} INFO - 
================================================================================
DAG File Processing Stats

File Path                              PID    Runtime      # DAGs    # Errors  Last Runtime    Last Run
-------------------------------------  -----  ---------  --------  ----------  --------------  -------------------
/opt/airflow/dags/youtube_pipeline.py                           1           0  0.15s           2026-05-13T13:55:48
================================================================================
[2026-05-13T13:56:36.026+0000] {manager.py:878} INFO - 
================================================================================
DAG File Processing Stats

File Path                              PID    Runtime      # DAGs    # Errors  Last Runtime    Last Run
-------------------------------------  -----  ---------  --------  ----------  --------------  -------------------
/opt/airflow/dags/youtube_pipeline.py                           1           0  0.16s           2026-05-13T13:56:18
================================================================================
[2026-05-13T13:57:06.303+0000] {manager.py:878} INFO - 
================================================================================
DAG File Processing Stats

File Path                              PID    Runtime      # DAGs    # Errors  Last Runtime    Last Run
-------------------------------------  -----  ---------  --------  ----------  --------------  -------------------
/opt/airflow/dags/youtube_pipeline.py                           1           0  0.15s           2026-05-13T13:56:49
================================================================================
[2026-05-13T13:57:36.794+0000] {manager.py:878} INFO - 
================================================================================
DAG File Processing Stats

File Path                              PID    Runtime      # DAGs    # Errors  Last Runtime    Last Run
-------------------------------------  -----  ---------  --------  ----------  --------------  -------------------
/opt/airflow/dags/youtube_pipeline.py                           1           0  0.18s           2026-05-13T13:57:33
================================================================================
[2026-05-13T13:58:07.171+0000] {manager.py:878} INFO - 
================================================================================
DAG File Processing Stats

File Path                              PID    Runtime      # DAGs    # Errors  Last Runtime    Last Run
-------------------------------------  -----  ---------  --------  ----------  --------------  -------------------
/opt/airflow/dags/youtube_pipeline.py                           1           0  0.24s           2026-05-13T13:58:04
================================================================================
[2026-05-13T13:58:19.312+0000] {manager.py:737} INFO - Searching for files in /opt/airflow/dags
[2026-05-13T13:58:19.421+0000] {manager.py:740} INFO - There are 1 files in /opt/airflow/dags
[2026-05-13T13:58:37.725+0000] {manager.py:878} INFO - 
================================================================================
DAG File Processing Stats

File Path                              PID    Runtime      # DAGs    # Errors  Last Runtime    Last Run
-------------------------------------  -----  ---------  --------  ----------  --------------  -------------------
/opt/airflow/dags/youtube_pipeline.py                           1           0  0.24s           2026-05-13T13:58:34
================================================================================
[2026-05-13T13:59:08.055+0000] {manager.py:878} INFO - 
================================================================================
DAG File Processing Stats

File Path                              PID    Runtime      # DAGs    # Errors  Last Runtime    Last Run
-------------------------------------  -----  ---------  --------  ----------  --------------  -------------------
/opt/airflow/dags/youtube_pipeline.py                           1           0  0.18s           2026-05-13T13:59:05
================================================================================
[2026-05-13T13:59:38.386+0000] {manager.py:878} INFO - 
================================================================================
DAG File Processing Stats

File Path                              PID    Runtime      # DAGs    # Errors  Last Runtime    Last Run
-------------------------------------  -----  ---------  --------  ----------  --------------  -------------------
/opt/airflow/dags/youtube_pipeline.py                           1           0  0.22s           2026-05-13T13:59:35
================================================================================
[2026-05-13T14:00:08.680+0000] {manager.py:878} INFO - 
================================================================================
DAG File Processing Stats

File Path                              PID    Runtime      # DAGs    # Errors  Last Runtime    Last Run
-------------------------------------  -----  ---------  --------  ----------  --------------  -------------------
/opt/airflow/dags/youtube_pipeline.py                           1           0  0.16s           2026-05-13T14:00:05
================================================================================
[2026-05-13T14:00:39.094+0000] {manager.py:878} INFO - 
================================================================================
DAG File Processing Stats

File Path                              PID    Runtime      # DAGs    # Errors  Last Runtime    Last Run
-------------------------------------  -----  ---------  --------  ----------  --------------  -------------------
/opt/airflow/dags/youtube_pipeline.py                           1           0  0.24s           2026-05-13T14:00:36
================================================================================
[2026-05-13T14:01:09.369+0000] {manager.py:878} INFO - 
================================================================================
DAG File Processing Stats

File Path                              PID    Runtime      # DAGs    # Errors  Last Runtime    Last Run
-------------------------------------  -----  ---------  --------  ----------  --------------  -------------------
/opt/airflow/dags/youtube_pipeline.py                           1           0  0.16s           2026-05-13T14:01:06
================================================================================
[2026-05-13T14:01:39.769+0000] {manager.py:878} INFO - 
================================================================================
DAG File Processing Stats

File Path                              PID    Runtime      # DAGs    # Errors  Last Runtime    Last Run
-------------------------------------  -----  ---------  --------  ----------  --------------  -------------------
/opt/airflow/dags/youtube_pipeline.py                           1           0  0.19s           2026-05-13T14:01:36
================================================================================
[2026-05-13T14:02:10.134+0000] {manager.py:878} INFO - 
================================================================================
DAG File Processing Stats

File Path                              PID    Runtime      # DAGs    # Errors  Last Runtime    Last Run
-------------------------------------  -----  ---------  --------  ----------  --------------  -------------------
/opt/airflow/dags/youtube_pipeline.py                           1           0  0.18s           2026-05-13T14:02:07
================================================================================
[2026-05-13T14:02:40.507+0000] {manager.py:878} INFO - 
================================================================================
DAG File Processing Stats

File Path                              PID    Runtime      # DAGs    # Errors  Last Runtime    Last Run
-------------------------------------  -----  ---------  --------  ----------  --------------  -------------------
/opt/airflow/dags/youtube_pipeline.py                           1           0  0.22s           2026-05-13T14:02:37
================================================================================
[2026-05-13T14:03:10.946+0000] {manager.py:878} INFO - 
================================================================================
DAG File Processing Stats

File Path                              PID    Runtime      # DAGs    # Errors  Last Runtime    Last Run
-------------------------------------  -----  ---------  --------  ----------  --------------  -------------------
/opt/airflow/dags/youtube_pipeline.py                           1           0  0.20s           2026-05-13T14:03:07
================================================================================
[2026-05-13T14:03:20.034+0000] {manager.py:737} INFO - Searching for files in /opt/airflow/dags
[2026-05-13T14:03:20.168+0000] {manager.py:740} INFO - There are 1 files in /opt/airflow/dags
[2026-05-13T14:03:41.438+0000] {manager.py:878} INFO - 
================================================================================
DAG File Processing Stats

File Path                              PID    Runtime      # DAGs    # Errors  Last Runtime    Last Run
-------------------------------------  -----  ---------  --------  ----------  --------------  -------------------
/opt/airflow/dags/youtube_pipeline.py                           1           0  0.15s           2026-05-13T14:03:38
================================================================================
[2026-05-13T14:04:11.759+0000] {manager.py:878} INFO - 
================================================================================
DAG File Processing Stats

File Path                              PID    Runtime      # DAGs    # Errors  Last Runtime    Last Run
-------------------------------------  -----  ---------  --------  ----------  --------------  -------------------
/opt/airflow/dags/youtube_pipeline.py                           1           0  0.17s           2026-05-13T14:04:08
================================================================================
[2026-05-13T14:04:42.098+0000] {manager.py:878} INFO - 
================================================================================
DAG File Processing Stats

File Path                              PID    Runtime      # DAGs    # Errors  Last Runtime    Last Run
-------------------------------------  -----  ---------  --------  ----------  --------------  -------------------
/opt/airflow/dags/youtube_pipeline.py                           1           0  0.18s           2026-05-13T14:04:39
================================================================================
[2026-05-13T14:05:12.417+0000] {manager.py:878} INFO - 
================================================================================
DAG File Processing Stats

File Path                              PID    Runtime      # DAGs    # Errors  Last Runtime    Last Run
-------------------------------------  -----  ---------  --------  ----------  --------------  -------------------
/opt/airflow/dags/youtube_pipeline.py                           1           0  0.16s           2026-05-13T14:05:09
================================================================================
[2026-05-13T14:05:42.768+0000] {manager.py:878} INFO - 
================================================================================
DAG File Processing Stats

File Path                              PID    Runtime      # DAGs    # Errors  Last Runtime    Last Run
-------------------------------------  -----  ---------  --------  ----------  --------------  -------------------
/opt/airflow/dags/youtube_pipeline.py                           1           0  0.32s           2026-05-13T14:05:40
================================================================================
[2026-05-13T14:06:13.307+0000] {manager.py:878} INFO - 
================================================================================
DAG File Processing Stats

File Path                              PID    Runtime      # DAGs    # Errors  Last Runtime    Last Run
-------------------------------------  -----  ---------  --------  ----------  --------------  -------------------
/opt/airflow/dags/youtube_pipeline.py                           1           0  0.18s           2026-05-13T14:06:10
================================================================================
[2026-05-13T14:06:43.704+0000] {manager.py:878} INFO - 
================================================================================
DAG File Processing Stats

File Path                              PID    Runtime      # DAGs    # Errors  Last Runtime    Last Run
-------------------------------------  -----  ---------  --------  ----------  --------------  -------------------
/opt/airflow/dags/youtube_pipeline.py                           1           0  0.17s           2026-05-13T14:06:40
================================================================================
[2026-05-13T14:07:14.041+0000] {manager.py:878} INFO - 
================================================================================
DAG File Processing Stats

File Path                              PID    Runtime      # DAGs    # Errors  Last Runtime    Last Run
-------------------------------------  -----  ---------  --------  ----------  --------------  -------------------
/opt/airflow/dags/youtube_pipeline.py                           1           0  0.24s           2026-05-13T14:07:11
================================================================================
[2026-05-13T14:07:44.274+0000] {manager.py:878} INFO - 
================================================================================
DAG File Processing Stats

File Path                              PID    Runtime      # DAGs    # Errors  Last Runtime    Last Run
-------------------------------------  -----  ---------  --------  ----------  --------------  -------------------
/opt/airflow/dags/youtube_pipeline.py                           1           0  0.18s           2026-05-13T14:07:41
================================================================================
[2026-05-13T14:08:14.652+0000] {manager.py:878} INFO - 
================================================================================
DAG File Processing Stats

File Path                              PID    Runtime      # DAGs    # Errors  Last Runtime    Last Run
-------------------------------------  -----  ---------  --------  ----------  --------------  -------------------
/opt/airflow/dags/youtube_pipeline.py                           1           0  0.26s           2026-05-13T14:08:11
================================================================================
[2026-05-13T14:08:20.698+0000] {manager.py:737} INFO - Searching for files in /opt/airflow/dags
[2026-05-13T14:08:20.768+0000] {manager.py:740} INFO - There are 1 files in /opt/airflow/dags
[2026-05-13T14:08:45.131+0000] {manager.py:878} INFO - 
================================================================================
DAG File Processing Stats

File Path                              PID    Runtime      # DAGs    # Errors  Last Runtime    Last Run
-------------------------------------  -----  ---------  --------  ----------  --------------  -------------------
/opt/airflow/dags/youtube_pipeline.py                           1           0  0.41s           2026-05-13T14:08:42
================================================================================
[2026-05-13T14:09:15.191+0000] {manager.py:878} INFO - 
================================================================================
DAG File Processing Stats

File Path                              PID    Runtime      # DAGs    # Errors  Last Runtime    Last Run
-------------------------------------  -----  ---------  --------  ----------  --------------  -------------------
/opt/airflow/dags/youtube_pipeline.py                           1           0  0.29s           2026-05-13T14:09:13
================================================================================
[2026-05-13T14:09:45.454+0000] {manager.py:878} INFO - 
================================================================================
DAG File Processing Stats

File Path                              PID    Runtime      # DAGs    # Errors  Last Runtime    Last Run
-------------------------------------  -----  ---------  --------  ----------  --------------  -------------------
/opt/airflow/dags/youtube_pipeline.py                           1           0  0.31s           2026-05-13T14:09:43
================================================================================
[2026-05-13T14:10:15.842+0000] {manager.py:878} INFO - 
================================================================================
DAG File Processing Stats

File Path                              PID    Runtime      # DAGs    # Errors  Last Runtime    Last Run
-------------------------------------  -----  ---------  --------  ----------  --------------  -------------------
/opt/airflow/dags/youtube_pipeline.py                           1           0  0.23s           2026-05-13T14:10:13
================================================================================
[2026-05-13T14:10:46.241+0000] {manager.py:878} INFO - 
================================================================================
DAG File Processing Stats

File Path                              PID    Runtime      # DAGs    # Errors  Last Runtime    Last Run
-------------------------------------  -----  ---------  --------  ----------  --------------  -------------------
/opt/airflow/dags/youtube_pipeline.py                           1           0  0.23s           2026-05-13T14:10:44
================================================================================
[2026-05-13T14:11:16.613+0000] {manager.py:878} INFO - 
================================================================================
DAG File Processing Stats

File Path                              PID    Runtime      # DAGs    # Errors  Last Runtime    Last Run
-------------------------------------  -----  ---------  --------  ----------  --------------  -------------------
/opt/airflow/dags/youtube_pipeline.py                           1           0  0.15s           2026-05-13T14:11:14
================================================================================
[2026-05-13T14:11:47.107+0000] {manager.py:878} INFO - 
================================================================================
DAG File Processing Stats

File Path                              PID    Runtime      # DAGs    # Errors  Last Runtime    Last Run
-------------------------------------  -----  ---------  --------  ----------  --------------  -------------------
/opt/airflow/dags/youtube_pipeline.py                           1           0  0.29s           2026-05-13T14:11:45
================================================================================
[2026-05-13T14:12:17.524+0000] {manager.py:878} INFO - 
================================================================================
DAG File Processing Stats

File Path                              PID    Runtime      # DAGs    # Errors  Last Runtime    Last Run
-------------------------------------  -----  ---------  --------  ----------  --------------  -------------------
/opt/airflow/dags/youtube_pipeline.py                           1           0  0.20s           2026-05-13T14:12:15
================================================================================
[2026-05-13T14:12:47.848+0000] {manager.py:878} INFO - 
================================================================================
DAG File Processing Stats

File Path                              PID    Runtime      # DAGs    # Errors  Last Runtime    Last Run
-------------------------------------  -----  ---------  --------  ----------  --------------  -------------------
/opt/airflow/dags/youtube_pipeline.py                           1           0  0.16s           2026-05-13T14:12:45
================================================================================
[2026-05-13T14:13:18.282+0000] {manager.py:878} INFO - 
================================================================================
DAG File Processing Stats

File Path                              PID    Runtime      # DAGs    # Errors  Last Runtime    Last Run
-------------------------------------  -----  ---------  --------  ----------  --------------  -------------------
/opt/airflow/dags/youtube_pipeline.py                           1           0  0.17s           2026-05-13T14:13:16
================================================================================
[2026-05-13T14:13:21.318+0000] {manager.py:737} INFO - Searching for files in /opt/airflow/dags
[2026-05-13T14:13:21.346+0000] {manager.py:740} INFO - There are 1 files in /opt/airflow/dags
[2026-05-13T14:13:48.613+0000] {manager.py:878} INFO - 
================================================================================
DAG File Processing Stats

File Path                              PID    Runtime      # DAGs    # Errors  Last Runtime    Last Run
-------------------------------------  -----  ---------  --------  ----------  --------------  -------------------
/opt/airflow/dags/youtube_pipeline.py                           1           0  0.14s           2026-05-13T14:13:46
================================================================================
[2026-05-13T14:14:18.954+0000] {manager.py:878} INFO - 
================================================================================
DAG File Processing Stats

File Path                              PID    Runtime      # DAGs    # Errors  Last Runtime    Last Run
-------------------------------------  -----  ---------  --------  ----------  --------------  -------------------
/opt/airflow/dags/youtube_pipeline.py                           1           0  0.17s           2026-05-13T14:14:17
================================================================================
[2026-05-13T14:14:49.293+0000] {manager.py:878} INFO - 
================================================================================
DAG File Processing Stats

File Path                              PID    Runtime      # DAGs    # Errors  Last Runtime    Last Run
-------------------------------------  -----  ---------  --------  ----------  --------------  -------------------
/opt/airflow/dags/youtube_pipeline.py                           1           0  0.17s           2026-05-13T14:14:47
================================================================================
[2026-05-13T14:15:19.619+0000] {manager.py:878} INFO - 
================================================================================
DAG File Processing Stats

File Path                              PID    Runtime      # DAGs    # Errors  Last Runtime    Last Run
-------------------------------------  -----  ---------  --------  ----------  --------------  -------------------
/opt/airflow/dags/youtube_pipeline.py                           1           0  0.22s           2026-05-13T14:15:17
================================================================================
[2026-05-13T14:15:49.962+0000] {manager.py:878} INFO - 
================================================================================
DAG File Processing Stats

File Path                              PID    Runtime      # DAGs    # Errors  Last Runtime    Last Run
-------------------------------------  -----  ---------  --------  ----------  --------------  -------------------
/opt/airflow/dags/youtube_pipeline.py                           1           0  0.19s           2026-05-13T14:15:48
================================================================================
[2026-05-13T14:16:20.283+0000] {manager.py:878} INFO - 
================================================================================
DAG File Processing Stats

File Path                              PID    Runtime      # DAGs    # Errors  Last Runtime    Last Run
-------------------------------------  -----  ---------  --------  ----------  --------------  -------------------
/opt/airflow/dags/youtube_pipeline.py                           1           0  0.20s           2026-05-13T14:16:18
================================================================================
[2026-05-13T14:16:50.620+0000] {manager.py:878} INFO - 
================================================================================
DAG File Processing Stats

File Path                              PID    Runtime      # DAGs    # Errors  Last Runtime    Last Run
-------------------------------------  -----  ---------  --------  ----------  --------------  -------------------
/opt/airflow/dags/youtube_pipeline.py                           1           0  0.26s           2026-05-13T14:16:48
================================================================================
[2026-05-13T14:17:21.082+0000] {manager.py:878} INFO - 
================================================================================
DAG File Processing Stats

File Path                              PID    Runtime      # DAGs    # Errors  Last Runtime    Last Run
-------------------------------------  -----  ---------  --------  ----------  --------------  -------------------
/opt/airflow/dags/youtube_pipeline.py                           1           0  0.24s           2026-05-13T14:17:19
================================================================================
[2026-05-13T14:17:51.369+0000] {manager.py:878} INFO - 
================================================================================
DAG File Processing Stats

File Path                              PID    Runtime      # DAGs    # Errors  Last Runtime    Last Run
-------------------------------------  -----  ---------  --------  ----------  --------------  -------------------
/opt/airflow/dags/youtube_pipeline.py                           1           0  0.52s           2026-05-13T14:17:49
================================================================================
[2026-05-13T14:18:21.592+0000] {manager.py:737} INFO - Searching for files in /opt/airflow/dags
[2026-05-13T14:18:21.622+0000] {manager.py:740} INFO - There are 1 files in /opt/airflow/dags
[2026-05-13T14:18:21.638+0000] {manager.py:878} INFO - 
================================================================================
DAG File Processing Stats

File Path                              PID    Runtime      # DAGs    # Errors  Last Runtime    Last Run
-------------------------------------  -----  ---------  --------  ----------  --------------  -------------------
/opt/airflow/dags/youtube_pipeline.py                           1           0  0.41s           2026-05-13T14:18:20
================================================================================
[2026-05-13T14:18:51.860+0000] {manager.py:878} INFO - 
================================================================================
DAG File Processing Stats

File Path                              PID    Runtime      # DAGs    # Errors  Last Runtime    Last Run
-------------------------------------  -----  ---------  --------  ----------  --------------  -------------------
/opt/airflow/dags/youtube_pipeline.py                           1           0  0.22s           2026-05-13T14:18:51
================================================================================
[2026-05-13T14:19:22.113+0000] {manager.py:878} INFO - 
================================================================================
DAG File Processing Stats

File Path                              PID    Runtime      # DAGs    # Errors  Last Runtime    Last Run
-------------------------------------  -----  ---------  --------  ----------  --------------  -------------------
/opt/airflow/dags/youtube_pipeline.py                           1           0  0.19s           2026-05-13T14:19:21
================================================================================
[2026-05-13T14:19:52.538+0000] {manager.py:878} INFO - 
================================================================================
DAG File Processing Stats

File Path                              PID    Runtime      # DAGs    # Errors  Last Runtime    Last Run
-------------------------------------  -----  ---------  --------  ----------  --------------  -------------------
/opt/airflow/dags/youtube_pipeline.py                           1           0  0.20s           2026-05-13T14:19:51
================================================================================
[2026-05-13T14:20:22.830+0000] {manager.py:878} INFO - 
================================================================================
DAG File Processing Stats

File Path                              PID    Runtime      # DAGs    # Errors  Last Runtime    Last Run
-------------------------------------  -----  ---------  --------  ----------  --------------  -------------------
/opt/airflow/dags/youtube_pipeline.py                           1           0  0.19s           2026-05-13T14:20:21
================================================================================
[2026-05-13T14:20:53.191+0000] {manager.py:878} INFO - 
================================================================================
DAG File Processing Stats

File Path                              PID    Runtime      # DAGs    # Errors  Last Runtime    Last Run
-------------------------------------  -----  ---------  --------  ----------  --------------  -------------------
/opt/airflow/dags/youtube_pipeline.py                           1           0  0.17s           2026-05-13T14:20:52
================================================================================
[2026-05-13T14:21:23.548+0000] {manager.py:878} INFO - 
================================================================================
DAG File Processing Stats

File Path                              PID    Runtime      # DAGs    # Errors  Last Runtime    Last Run
-------------------------------------  -----  ---------  --------  ----------  --------------  -------------------
/opt/airflow/dags/youtube_pipeline.py                           1           0  0.18s           2026-05-13T14:21:22
================================================================================
[2026-05-13T14:21:53.849+0000] {manager.py:878} INFO - 
================================================================================
DAG File Processing Stats

File Path                              PID    Runtime      # DAGs    # Errors  Last Runtime    Last Run
-------------------------------------  -----  ---------  --------  ----------  --------------  -------------------
/opt/airflow/dags/youtube_pipeline.py                           1           0  0.23s           2026-05-13T14:21:53
================================================================================
[2026-05-13T14:22:24.291+0000] {manager.py:878} INFO - 
================================================================================
DAG File Processing Stats

File Path                              PID    Runtime      # DAGs    # Errors  Last Runtime    Last Run
-------------------------------------  -----  ---------  --------  ----------  --------------  -------------------
/opt/airflow/dags/youtube_pipeline.py                           1           0  0.18s           2026-05-13T14:22:23
================================================================================
[2026-05-13T14:22:54.565+0000] {manager.py:878} INFO - 
================================================================================
DAG File Processing Stats

File Path                              PID    Runtime      # DAGs    # Errors  Last Runtime    Last Run
-------------------------------------  -----  ---------  --------  ----------  --------------  -------------------
/opt/airflow/dags/youtube_pipeline.py                           1           0  0.18s           2026-05-13T14:22:53
================================================================================
[2026-05-13T14:23:21.785+0000] {manager.py:737} INFO - Searching for files in /opt/airflow/dags
[2026-05-13T14:23:21.816+0000] {manager.py:740} INFO - There are 1 files in /opt/airflow/dags
[2026-05-13T14:23:24.972+0000] {manager.py:878} INFO - 
================================================================================
DAG File Processing Stats

File Path                              PID    Runtime      # DAGs    # Errors  Last Runtime    Last Run
-------------------------------------  -----  ---------  --------  ----------  --------------  -------------------
/opt/airflow/dags/youtube_pipeline.py                           1           0  0.18s           2026-05-13T14:23:24
================================================================================
[2026-05-13T14:23:55.242+0000] {manager.py:878} INFO - 
================================================================================
DAG File Processing Stats

File Path                              PID    Runtime      # DAGs    # Errors  Last Runtime    Last Run
-------------------------------------  -----  ---------  --------  ----------  --------------  -------------------
/opt/airflow/dags/youtube_pipeline.py                           1           0  0.18s           2026-05-13T14:23:54
================================================================================
[2026-05-13T14:24:25.647+0000] {manager.py:878} INFO - 
================================================================================
DAG File Processing Stats

File Path                              PID    Runtime      # DAGs    # Errors  Last Runtime    Last Run
-------------------------------------  -----  ---------  --------  ----------  --------------  -------------------
/opt/airflow/dags/youtube_pipeline.py                           1           0  0.17s           2026-05-13T14:24:24
================================================================================
[2026-05-13T14:24:55.970+0000] {manager.py:878} INFO - 
================================================================================
DAG File Processing Stats

File Path                              PID    Runtime      # DAGs    # Errors  Last Runtime    Last Run
-------------------------------------  -----  ---------  --------  ----------  --------------  -------------------
/opt/airflow/dags/youtube_pipeline.py                           1           0  0.17s           2026-05-13T14:24:55
================================================================================
[2026-05-13T14:25:26.384+0000] {manager.py:878} INFO - 
================================================================================
DAG File Processing Stats

File Path                              PID    Runtime      # DAGs    # Errors  Last Runtime    Last Run
-------------------------------------  -----  ---------  --------  ----------  --------------  -------------------
/opt/airflow/dags/youtube_pipeline.py                           1           0  0.34s           2026-05-13T14:25:25
================================================================================
[2026-05-13T14:25:56.983+0000] {manager.py:878} INFO - 
================================================================================
DAG File Processing Stats

File Path                              PID    Runtime      # DAGs    # Errors  Last Runtime    Last Run
-------------------------------------  -----  ---------  --------  ----------  --------------  -------------------
/opt/airflow/dags/youtube_pipeline.py                           1           0  0.19s           2026-05-13T14:25:56
================================================================================
[2026-05-13T14:26:27.383+0000] {manager.py:878} INFO - 
================================================================================
DAG File Processing Stats

File Path                              PID    Runtime      # DAGs    # Errors  Last Runtime    Last Run
-------------------------------------  -----  ---------  --------  ----------  --------------  -------------------
/opt/airflow/dags/youtube_pipeline.py                           1           0  0.23s           2026-05-13T14:26:26
================================================================================
[2026-05-13T14:26:57.796+0000] {manager.py:878} INFO - 
================================================================================
DAG File Processing Stats

File Path                              PID    Runtime      # DAGs    # Errors  Last Runtime    Last Run
-------------------------------------  -----  ---------  --------  ----------  --------------  -------------------
/opt/airflow/dags/youtube_pipeline.py                           1           0  0.18s           2026-05-13T14:26:56
================================================================================
[2026-05-13T14:27:28.068+0000] {manager.py:878} INFO - 
================================================================================
DAG File Processing Stats

File Path                              PID    Runtime      # DAGs    # Errors  Last Runtime    Last Run
-------------------------------------  -----  ---------  --------  ----------  --------------  -------------------
/opt/airflow/dags/youtube_pipeline.py                           1           0  0.19s           2026-05-13T14:27:27
================================================================================
[2026-05-13T14:27:58.300+0000] {manager.py:878} INFO - 
================================================================================
DAG File Processing Stats

File Path                              PID    Runtime      # DAGs    # Errors  Last Runtime    Last Run
-------------------------------------  -----  ---------  --------  ----------  --------------  -------------------
/opt/airflow/dags/youtube_pipeline.py                           1           0  0.18s           2026-05-13T14:27:57
================================================================================
[2026-05-13T14:28:22.502+0000] {manager.py:737} INFO - Searching for files in /opt/airflow/dags
[2026-05-13T14:28:22.534+0000] {manager.py:740} INFO - There are 1 files in /opt/airflow/dags
[2026-05-13T14:28:28.719+0000] {manager.py:878} INFO - 
================================================================================
DAG File Processing Stats

File Path                              PID    Runtime      # DAGs    # Errors  Last Runtime    Last Run
-------------------------------------  -----  ---------  --------  ----------  --------------  -------------------
/opt/airflow/dags/youtube_pipeline.py                           1           0  0.17s           2026-05-13T14:28:27
================================================================================
[2026-05-13T14:28:59.015+0000] {manager.py:878} INFO - 
================================================================================
DAG File Processing Stats

File Path                              PID    Runtime      # DAGs    # Errors  Last Runtime    Last Run
-------------------------------------  -----  ---------  --------  ----------  --------------  -------------------
/opt/airflow/dags/youtube_pipeline.py                           1           0  0.16s           2026-05-13T14:28:58
================================================================================
[2026-05-13T14:29:29.371+0000] {manager.py:878} INFO - 
================================================================================
DAG File Processing Stats

File Path                              PID    Runtime      # DAGs    # Errors  Last Runtime    Last Run
-------------------------------------  -----  ---------  --------  ----------  --------------  -------------------
/opt/airflow/dags/youtube_pipeline.py                           1           0  0.17s           2026-05-13T14:29:28
================================================================================
[2026-05-13T14:29:59.686+0000] {manager.py:878} INFO - 
================================================================================
DAG File Processing Stats

File Path                              PID    Runtime      # DAGs    # Errors  Last Runtime    Last Run
-------------------------------------  -----  ---------  --------  ----------  --------------  -------------------
/opt/airflow/dags/youtube_pipeline.py                           1           0  0.19s           2026-05-13T14:29:58
================================================================================
[2026-05-13T14:30:30.060+0000] {manager.py:878} INFO - 
================================================================================
DAG File Processing Stats

File Path                              PID    Runtime      # DAGs    # Errors  Last Runtime    Last Run
-------------------------------------  -----  ---------  --------  ----------  --------------  -------------------
/opt/airflow/dags/youtube_pipeline.py                           1           0  0.19s           2026-05-13T14:30:29
================================================================================
[2026-05-13T14:31:00.385+0000] {manager.py:878} INFO - 
================================================================================
DAG File Processing Stats

File Path                              PID    Runtime      # DAGs    # Errors  Last Runtime    Last Run
-------------------------------------  -----  ---------  --------  ----------  --------------  -------------------
/opt/airflow/dags/youtube_pipeline.py                           1           0  0.16s           2026-05-13T14:30:59
================================================================================
[2026-05-13T14:31:30.736+0000] {manager.py:878} INFO - 
================================================================================
DAG File Processing Stats

File Path                              PID    Runtime      # DAGs    # Errors  Last Runtime    Last Run
-------------------------------------  -----  ---------  --------  ----------  --------------  -------------------
/opt/airflow/dags/youtube_pipeline.py                           1           0  0.16s           2026-05-13T14:31:29
================================================================================
[2026-05-13T14:32:01.046+0000] {manager.py:878} INFO - 
================================================================================
DAG File Processing Stats

File Path                              PID    Runtime      # DAGs    # Errors  Last Runtime    Last Run
-------------------------------------  -----  ---------  --------  ----------  --------------  -------------------
/opt/airflow/dags/youtube_pipeline.py                           1           0  0.17s           2026-05-13T14:32:00
================================================================================
[2026-05-13T14:32:31.402+0000] {manager.py:878} INFO - 
================================================================================
DAG File Processing Stats

File Path                              PID    Runtime      # DAGs    # Errors  Last Runtime    Last Run
-------------------------------------  -----  ---------  --------  ----------  --------------  -------------------
/opt/airflow/dags/youtube_pipeline.py                           1           0  0.16s           2026-05-13T14:32:30
================================================================================
[2026-05-13T14:33:01.738+0000] {manager.py:878} INFO - 
================================================================================
DAG File Processing Stats

File Path                              PID    Runtime      # DAGs    # Errors  Last Runtime    Last Run
-------------------------------------  -----  ---------  --------  ----------  --------------  -------------------
/opt/airflow/dags/youtube_pipeline.py                           1           0  0.23s           2026-05-13T14:33:00
================================================================================
[2026-05-13T14:33:22.956+0000] {manager.py:737} INFO - Searching for files in /opt/airflow/dags
[2026-05-13T14:33:22.987+0000] {manager.py:740} INFO - There are 1 files in /opt/airflow/dags
[2026-05-13T14:33:32.233+0000] {manager.py:878} INFO - 
================================================================================
DAG File Processing Stats

File Path                              PID    Runtime      # DAGs    # Errors  Last Runtime    Last Run
-------------------------------------  -----  ---------  --------  ----------  --------------  -------------------
/opt/airflow/dags/youtube_pipeline.py                           1           0  0.16s           2026-05-13T14:33:31
================================================================================
[2026-05-13T14:34:02.567+0000] {manager.py:878} INFO - 
================================================================================
DAG File Processing Stats

File Path                              PID    Runtime      # DAGs    # Errors  Last Runtime    Last Run
-------------------------------------  -----  ---------  --------  ----------  --------------  -------------------
/opt/airflow/dags/youtube_pipeline.py                           1           0  0.25s           2026-05-13T14:34:01
================================================================================
[2026-05-13T14:34:33.050+0000] {manager.py:878} INFO - 
================================================================================
DAG File Processing Stats

File Path                              PID    Runtime      # DAGs    # Errors  Last Runtime    Last Run
-------------------------------------  -----  ---------  --------  ----------  --------------  -------------------
/opt/airflow/dags/youtube_pipeline.py                           1           0  0.29s           2026-05-13T14:34:32
================================================================================
[2026-05-13T14:35:03.394+0000] {manager.py:878} INFO - 
================================================================================
DAG File Processing Stats

File Path                              PID    Runtime      # DAGs    # Errors  Last Runtime    Last Run
-------------------------------------  -----  ---------  --------  ----------  --------------  -------------------
/opt/airflow/dags/youtube_pipeline.py                           1           0  0.31s           2026-05-13T14:35:02
================================================================================
[2026-05-13T14:35:33.927+0000] {manager.py:878} INFO - 
================================================================================
DAG File Processing Stats

File Path                              PID    Runtime      # DAGs    # Errors  Last Runtime    Last Run
-------------------------------------  -----  ---------  --------  ----------  --------------  -------------------
/opt/airflow/dags/youtube_pipeline.py                           1           0  0.16s           2026-05-13T14:35:33
================================================================================
[2026-05-13T14:36:04.289+0000] {manager.py:878} INFO - 
================================================================================
DAG File Processing Stats

File Path                              PID    Runtime      # DAGs    # Errors  Last Runtime    Last Run
-------------------------------------  -----  ---------  --------  ----------  --------------  -------------------
/opt/airflow/dags/youtube_pipeline.py                           1           0  0.17s           2026-05-13T14:36:03
================================================================================
[2026-05-13T14:36:34.594+0000] {manager.py:878} INFO - 
================================================================================
DAG File Processing Stats

File Path                              PID    Runtime      # DAGs    # Errors  Last Runtime    Last Run
-------------------------------------  -----  ---------  --------  ----------  --------------  -------------------
/opt/airflow/dags/youtube_pipeline.py                           1           0  0.15s           2026-05-13T14:36:33
================================================================================
[2026-05-13T14:37:04.953+0000] {manager.py:878} INFO - 
================================================================================
DAG File Processing Stats

File Path                              PID    Runtime      # DAGs    # Errors  Last Runtime    Last Run
-------------------------------------  -----  ---------  --------  ----------  --------------  -------------------
/opt/airflow/dags/youtube_pipeline.py                           1           0  0.17s           2026-05-13T14:37:04
================================================================================
[2026-05-13T14:37:35.263+0000] {manager.py:878} INFO - 
================================================================================
DAG File Processing Stats

File Path                              PID    Runtime      # DAGs    # Errors  Last Runtime    Last Run
-------------------------------------  -----  ---------  --------  ----------  --------------  -------------------
/opt/airflow/dags/youtube_pipeline.py                           1           0  0.16s           2026-05-13T14:37:34
================================================================================
[2026-05-13T14:38:05.605+0000] {manager.py:878} INFO - 
================================================================================
DAG File Processing Stats

File Path                              PID    Runtime      # DAGs    # Errors  Last Runtime    Last Run
-------------------------------------  -----  ---------  --------  ----------  --------------  -------------------
/opt/airflow/dags/youtube_pipeline.py                           1           0  0.19s           2026-05-13T14:38:04
================================================================================
[2026-05-13T14:38:23.800+0000] {manager.py:737} INFO - Searching for files in /opt/airflow/dags
[2026-05-13T14:38:23.831+0000] {manager.py:740} INFO - There are 1 files in /opt/airflow/dags
[2026-05-13T14:38:35.963+0000] {manager.py:878} INFO - 
================================================================================
DAG File Processing Stats

File Path                              PID    Runtime      # DAGs    # Errors  Last Runtime    Last Run
-------------------------------------  -----  ---------  --------  ----------  --------------  -------------------
/opt/airflow/dags/youtube_pipeline.py                           1           0  0.16s           2026-05-13T14:38:35
================================================================================
[2026-05-13T14:39:06.383+0000] {manager.py:878} INFO - 
================================================================================
DAG File Processing Stats

File Path                              PID    Runtime      # DAGs    # Errors  Last Runtime    Last Run
-------------------------------------  -----  ---------  --------  ----------  --------------  -------------------
/opt/airflow/dags/youtube_pipeline.py                           1           0  0.33s           2026-05-13T14:39:05
================================================================================
[2026-05-13T14:39:36.757+0000] {manager.py:878} INFO - 
================================================================================
DAG File Processing Stats

File Path                              PID    Runtime      # DAGs    # Errors  Last Runtime    Last Run
-------------------------------------  -----  ---------  --------  ----------  --------------  -------------------
/opt/airflow/dags/youtube_pipeline.py                           1           0  0.17s           2026-05-13T14:39:35
================================================================================
[2026-05-13T14:40:07.016+0000] {manager.py:878} INFO - 
================================================================================
DAG File Processing Stats

File Path                              PID    Runtime      # DAGs    # Errors  Last Runtime    Last Run
-------------------------------------  -----  ---------  --------  ----------  --------------  -------------------
/opt/airflow/dags/youtube_pipeline.py                           1           0  0.16s           2026-05-13T14:40:06
================================================================================
[2026-05-13T14:40:37.362+0000] {manager.py:878} INFO - 
================================================================================
DAG File Processing Stats

File Path                              PID    Runtime      # DAGs    # Errors  Last Runtime    Last Run
-------------------------------------  -----  ---------  --------  ----------  --------------  -------------------
/opt/airflow/dags/youtube_pipeline.py                           1           0  0.16s           2026-05-13T14:40:36
================================================================================
[2026-05-13T14:41:07.638+0000] {manager.py:878} INFO - 
================================================================================
DAG File Processing Stats

File Path                              PID    Runtime      # DAGs    # Errors  Last Runtime    Last Run
-------------------------------------  -----  ---------  --------  ----------  --------------  -------------------
/opt/airflow/dags/youtube_pipeline.py                           1           0  0.21s           2026-05-13T14:41:06
================================================================================
[2026-05-13T14:41:38.038+0000] {manager.py:878} INFO - 
================================================================================
DAG File Processing Stats

File Path                              PID    Runtime      # DAGs    # Errors  Last Runtime    Last Run
-------------------------------------  -----  ---------  --------  ----------  --------------  -------------------
/opt/airflow/dags/youtube_pipeline.py                           1           0  0.20s           2026-05-13T14:41:37
================================================================================
[2026-05-13T14:42:08.409+0000] {manager.py:878} INFO - 
================================================================================
DAG File Processing Stats

File Path                              PID    Runtime      # DAGs    # Errors  Last Runtime    Last Run
-------------------------------------  -----  ---------  --------  ----------  --------------  -------------------
/opt/airflow/dags/youtube_pipeline.py                           1           0  0.19s           2026-05-13T14:42:07
================================================================================
[2026-05-13T14:42:38.829+0000] {manager.py:878} INFO - 
================================================================================
DAG File Processing Stats

File Path                              PID    Runtime      # DAGs    # Errors  Last Runtime    Last Run
-------------------------------------  -----  ---------  --------  ----------  --------------  -------------------
/opt/airflow/dags/youtube_pipeline.py                           1           0  0.50s           2026-05-13T14:42:38
================================================================================
[2026-05-13T14:43:09.485+0000] {manager.py:878} INFO - 
================================================================================
DAG File Processing Stats

File Path                              PID    Runtime      # DAGs    # Errors  Last Runtime    Last Run
-------------------------------------  -----  ---------  --------  ----------  --------------  -------------------
/opt/airflow/dags/youtube_pipeline.py                           1           0  0.15s           2026-05-13T14:43:08
================================================================================
[2026-05-13T14:43:24.623+0000] {manager.py:737} INFO - Searching for files in /opt/airflow/dags
[2026-05-13T14:43:24.663+0000] {manager.py:740} INFO - There are 1 files in /opt/airflow/dags
[2026-05-13T14:43:39.847+0000] {manager.py:878} INFO - 
================================================================================
DAG File Processing Stats

File Path                              PID    Runtime      # DAGs    # Errors  Last Runtime    Last Run
-------------------------------------  -----  ---------  --------  ----------  --------------  -------------------
/opt/airflow/dags/youtube_pipeline.py                           1           0  0.16s           2026-05-13T14:43:38
================================================================================
[2026-05-13T14:44:10.198+0000] {manager.py:878} INFO - 
================================================================================
DAG File Processing Stats

File Path                              PID    Runtime      # DAGs    # Errors  Last Runtime    Last Run
-------------------------------------  -----  ---------  --------  ----------  --------------  -------------------
/opt/airflow/dags/youtube_pipeline.py                           1           0  0.16s           2026-05-13T14:44:09
================================================================================
[2026-05-13T14:44:40.474+0000] {manager.py:878} INFO - 
================================================================================
DAG File Processing Stats

File Path                              PID    Runtime      # DAGs    # Errors  Last Runtime    Last Run
-------------------------------------  -----  ---------  --------  ----------  --------------  -------------------
/opt/airflow/dags/youtube_pipeline.py                           1           0  0.19s           2026-05-13T14:44:39
================================================================================
[2026-05-13T14:45:10.919+0000] {manager.py:878} INFO - 
================================================================================
DAG File Processing Stats

File Path                              PID    Runtime      # DAGs    # Errors  Last Runtime    Last Run
-------------------------------------  -----  ---------  --------  ----------  --------------  -------------------
/opt/airflow/dags/youtube_pipeline.py                           1           0  0.23s           2026-05-13T14:45:10
================================================================================
[2026-05-13T14:45:41.284+0000] {manager.py:878} INFO - 
================================================================================
DAG File Processing Stats

File Path                              PID    Runtime      # DAGs    # Errors  Last Runtime    Last Run
-------------------------------------  -----  ---------  --------  ----------  --------------  -------------------
/opt/airflow/dags/youtube_pipeline.py                           1           0  0.17s           2026-05-13T14:45:40
================================================================================
[2026-05-13T14:46:11.603+0000] {manager.py:878} INFO - 
================================================================================
DAG File Processing Stats

File Path                              PID    Runtime      # DAGs    # Errors  Last Runtime    Last Run
-------------------------------------  -----  ---------  --------  ----------  --------------  -------------------
/opt/airflow/dags/youtube_pipeline.py                           1           0  0.15s           2026-05-13T14:46:10
================================================================================
[2026-05-13T14:46:41.965+0000] {manager.py:878} INFO - 
================================================================================
DAG File Processing Stats

File Path                              PID    Runtime      # DAGs    # Errors  Last Runtime    Last Run
-------------------------------------  -----  ---------  --------  ----------  --------------  -------------------
/opt/airflow/dags/youtube_pipeline.py                           1           0  0.18s           2026-05-13T14:46:41
================================================================================
[2026-05-13T14:47:12.262+0000] {manager.py:878} INFO - 
================================================================================
DAG File Processing Stats

File Path                              PID    Runtime      # DAGs    # Errors  Last Runtime    Last Run
-------------------------------------  -----  ---------  --------  ----------  --------------  -------------------
/opt/airflow/dags/youtube_pipeline.py                           1           0  0.16s           2026-05-13T14:47:11
================================================================================
[2026-05-13T14:47:42.590+0000] {manager.py:878} INFO - 
================================================================================
DAG File Processing Stats

File Path                              PID    Runtime      # DAGs    # Errors  Last Runtime    Last Run
-------------------------------------  -----  ---------  --------  ----------  --------------  -------------------
/opt/airflow/dags/youtube_pipeline.py                           1           0  0.16s           2026-05-13T14:47:41
================================================================================
[2026-05-13T14:48:12.893+0000] {manager.py:878} INFO - 
================================================================================
DAG File Processing Stats

File Path                              PID    Runtime      # DAGs    # Errors  Last Runtime    Last Run
-------------------------------------  -----  ---------  --------  ----------  --------------  -------------------
/opt/airflow/dags/youtube_pipeline.py                           1           0  0.18s           2026-05-13T14:48:12
================================================================================
[2026-05-13T14:48:24.997+0000] {manager.py:737} INFO - Searching for files in /opt/airflow/dags
[2026-05-13T14:48:25.032+0000] {manager.py:740} INFO - There are 1 files in /opt/airflow/dags
[2026-05-13T14:48:43.276+0000] {manager.py:878} INFO - 
================================================================================
DAG File Processing Stats

File Path                              PID    Runtime      # DAGs    # Errors  Last Runtime    Last Run
-------------------------------------  -----  ---------  --------  ----------  --------------  -------------------
/opt/airflow/dags/youtube_pipeline.py                           1           0  0.14s           2026-05-13T14:48:42
================================================================================
[2026-05-13T14:49:13.561+0000] {manager.py:878} INFO - 
================================================================================
DAG File Processing Stats

File Path                              PID    Runtime      # DAGs    # Errors  Last Runtime    Last Run
-------------------------------------  -----  ---------  --------  ----------  --------------  -------------------
/opt/airflow/dags/youtube_pipeline.py                           1           0  0.28s           2026-05-13T14:49:12
================================================================================
[2026-05-13T14:49:44.103+0000] {manager.py:878} INFO - 
================================================================================
DAG File Processing Stats

File Path                              PID    Runtime      # DAGs    # Errors  Last Runtime    Last Run
-------------------------------------  -----  ---------  --------  ----------  --------------  -------------------
/opt/airflow/dags/youtube_pipeline.py                           1           0  0.18s           2026-05-13T14:49:43
================================================================================
[2026-05-13T14:50:14.507+0000] {manager.py:878} INFO - 
================================================================================
DAG File Processing Stats

File Path                              PID    Runtime      # DAGs    # Errors  Last Runtime    Last Run
-------------------------------------  -----  ---------  --------  ----------  --------------  -------------------
/opt/airflow/dags/youtube_pipeline.py                           1           0  0.16s           2026-05-13T14:50:13
================================================================================
[2026-05-13T14:50:44.778+0000] {manager.py:878} INFO - 
================================================================================
DAG File Processing Stats

File Path                              PID    Runtime      # DAGs    # Errors  Last Runtime    Last Run
-------------------------------------  -----  ---------  --------  ----------  --------------  -------------------
/opt/airflow/dags/youtube_pipeline.py                           1           0  0.16s           2026-05-13T14:50:43
================================================================================
[2026-05-13T14:51:15.153+0000] {manager.py:878} INFO - 
================================================================================
DAG File Processing Stats

File Path                              PID    Runtime      # DAGs    # Errors  Last Runtime    Last Run
-------------------------------------  -----  ---------  --------  ----------  --------------  -------------------
/opt/airflow/dags/youtube_pipeline.py                           1           0  0.24s           2026-05-13T14:51:14
================================================================================
[2026-05-13T14:51:45.399+0000] {manager.py:878} INFO - 
================================================================================
DAG File Processing Stats

File Path                              PID    Runtime      # DAGs    # Errors  Last Runtime    Last Run
-------------------------------------  -----  ---------  --------  ----------  --------------  -------------------
/opt/airflow/dags/youtube_pipeline.py                           1           0  0.16s           2026-05-13T14:51:44
================================================================================
[2026-05-13T14:52:15.755+0000] {manager.py:878} INFO - 
================================================================================
DAG File Processing Stats

File Path                              PID    Runtime      # DAGs    # Errors  Last Runtime    Last Run
-------------------------------------  -----  ---------  --------  ----------  --------------  -------------------
/opt/airflow/dags/youtube_pipeline.py                           1           0  0.16s           2026-05-13T14:52:14
================================================================================
[2026-05-13T14:52:46.013+0000] {manager.py:878} INFO - 
================================================================================
DAG File Processing Stats

File Path                              PID    Runtime      # DAGs    # Errors  Last Runtime    Last Run
-------------------------------------  -----  ---------  --------  ----------  --------------  -------------------
/opt/airflow/dags/youtube_pipeline.py                           1           0  0.17s           2026-05-13T14:52:45
================================================================================
[2026-05-13T14:53:16.368+0000] {manager.py:878} INFO - 
================================================================================
DAG File Processing Stats

File Path                              PID    Runtime      # DAGs    # Errors  Last Runtime    Last Run
-------------------------------------  -----  ---------  --------  ----------  --------------  -------------------
/opt/airflow/dags/youtube_pipeline.py                           1           0  0.17s           2026-05-13T14:53:15
================================================================================
[2026-05-13T14:53:25.450+0000] {manager.py:737} INFO - Searching for files in /opt/airflow/dags
[2026-05-13T14:53:25.496+0000] {manager.py:740} INFO - There are 1 files in /opt/airflow/dags
[2026-05-13T14:53:46.702+0000] {manager.py:878} INFO - 
================================================================================
DAG File Processing Stats

File Path                              PID    Runtime      # DAGs    # Errors  Last Runtime    Last Run
-------------------------------------  -----  ---------  --------  ----------  --------------  -------------------
/opt/airflow/dags/youtube_pipeline.py                           1           0  0.21s           2026-05-13T14:53:45
================================================================================
[2026-05-13T14:54:16.955+0000] {manager.py:878} INFO - 
================================================================================
DAG File Processing Stats

File Path                              PID    Runtime      # DAGs    # Errors  Last Runtime    Last Run
-------------------------------------  -----  ---------  --------  ----------  --------------  -------------------
/opt/airflow/dags/youtube_pipeline.py                           1           0  0.17s           2026-05-13T14:54:16
================================================================================
[2026-05-13T14:54:47.314+0000] {manager.py:878} INFO - 
================================================================================
DAG File Processing Stats

File Path                              PID    Runtime      # DAGs    # Errors  Last Runtime    Last Run
-------------------------------------  -----  ---------  --------  ----------  --------------  -------------------
/opt/airflow/dags/youtube_pipeline.py                           1           0  0.17s           2026-05-13T14:54:46
================================================================================
[2026-05-13T14:55:17.682+0000] {manager.py:878} INFO - 
================================================================================
DAG File Processing Stats

File Path                              PID    Runtime      # DAGs    # Errors  Last Runtime    Last Run
-------------------------------------  -----  ---------  --------  ----------  --------------  -------------------
/opt/airflow/dags/youtube_pipeline.py                           1           0  0.16s           2026-05-13T14:55:16
================================================================================
[2026-05-13T14:55:48.084+0000] {manager.py:878} INFO - 
================================================================================
DAG File Processing Stats

File Path                              PID    Runtime      # DAGs    # Errors  Last Runtime    Last Run
-------------------------------------  -----  ---------  --------  ----------  --------------  -------------------
/opt/airflow/dags/youtube_pipeline.py                           1           0  0.21s           2026-05-13T14:55:47
================================================================================
[2026-05-13T14:56:18.371+0000] {manager.py:878} INFO - 
================================================================================
DAG File Processing Stats

File Path                              PID    Runtime      # DAGs    # Errors  Last Runtime    Last Run
-------------------------------------  -----  ---------  --------  ----------  --------------  -------------------
/opt/airflow/dags/youtube_pipeline.py                           1           0  0.18s           2026-05-13T14:56:17
================================================================================
[2026-05-13T14:56:48.703+0000] {manager.py:878} INFO - 
================================================================================
DAG File Processing Stats

File Path                              PID    Runtime      # DAGs    # Errors  Last Runtime    Last Run
-------------------------------------  -----  ---------  --------  ----------  --------------  -------------------
/opt/airflow/dags/youtube_pipeline.py                           1           0  0.16s           2026-05-13T14:56:47
================================================================================
[2026-05-13T14:57:19.028+0000] {manager.py:878} INFO - 
================================================================================
DAG File Processing Stats

File Path                              PID    Runtime      # DAGs    # Errors  Last Runtime    Last Run
-------------------------------------  -----  ---------  --------  ----------  --------------  -------------------
/opt/airflow/dags/youtube_pipeline.py                           1           0  0.15s           2026-05-13T14:57:18
================================================================================
[2026-05-13T14:57:49.334+0000] {manager.py:878} INFO - 
================================================================================
DAG File Processing Stats

File Path                              PID    Runtime      # DAGs    # Errors  Last Runtime    Last Run
-------------------------------------  -----  ---------  --------  ----------  --------------  -------------------
/opt/airflow/dags/youtube_pipeline.py                           1           0  0.17s           2026-05-13T14:57:48
================================================================================
[2026-05-13T14:58:19.700+0000] {manager.py:878} INFO - 
================================================================================
DAG File Processing Stats

File Path                              PID    Runtime      # DAGs    # Errors  Last Runtime    Last Run
-------------------------------------  -----  ---------  --------  ----------  --------------  -------------------
/opt/airflow/dags/youtube_pipeline.py                           1           0  0.26s           2026-05-13T14:58:18
================================================================================
[2026-05-13T14:58:25.755+0000] {manager.py:737} INFO - Searching for files in /opt/airflow/dags
[2026-05-13T14:58:25.782+0000] {manager.py:740} INFO - There are 1 files in /opt/airflow/dags
[2026-05-13T14:58:50.079+0000] {manager.py:878} INFO - 
================================================================================
DAG File Processing Stats

File Path                              PID    Runtime      # DAGs    # Errors  Last Runtime    Last Run
-------------------------------------  -----  ---------  --------  ----------  --------------  -------------------
/opt/airflow/dags/youtube_pipeline.py                           1           0  0.18s           2026-05-13T14:58:49
================================================================================
[2026-05-13T14:59:20.377+0000] {manager.py:878} INFO - 
================================================================================
DAG File Processing Stats

File Path                              PID    Runtime      # DAGs    # Errors  Last Runtime    Last Run
-------------------------------------  -----  ---------  --------  ----------  --------------  -------------------
/opt/airflow/dags/youtube_pipeline.py                           1           0  0.14s           2026-05-13T14:59:19
================================================================================
[2026-05-13T14:59:50.649+0000] {manager.py:878} INFO - 
================================================================================
DAG File Processing Stats

File Path                              PID    Runtime      # DAGs    # Errors  Last Runtime    Last Run
-------------------------------------  -----  ---------  --------  ----------  --------------  -------------------
/opt/airflow/dags/youtube_pipeline.py                           1           0  0.16s           2026-05-13T14:59:49
================================================================================
[2026-05-13T15:00:20.992+0000] {manager.py:878} INFO - 
================================================================================
DAG File Processing Stats

File Path                              PID    Runtime      # DAGs    # Errors  Last Runtime    Last Run
-------------------------------------  -----  ---------  --------  ----------  --------------  -------------------
/opt/airflow/dags/youtube_pipeline.py                           1           0  0.16s           2026-05-13T15:00:20
================================================================================
[2026-05-13T15:00:51.304+0000] {manager.py:878} INFO - 
================================================================================
DAG File Processing Stats

File Path                              PID    Runtime      # DAGs    # Errors  Last Runtime    Last Run
-------------------------------------  -----  ---------  --------  ----------  --------------  -------------------
/opt/airflow/dags/youtube_pipeline.py                           1           0  0.15s           2026-05-13T15:00:50
================================================================================
[2026-05-13T15:01:21.620+0000] {manager.py:878} INFO - 
================================================================================
DAG File Processing Stats

File Path                              PID    Runtime      # DAGs    # Errors  Last Runtime    Last Run
-------------------------------------  -----  ---------  --------  ----------  --------------  -------------------
/opt/airflow/dags/youtube_pipeline.py                           1           0  0.20s           2026-05-13T15:01:20
================================================================================
[2026-05-13T15:01:52.042+0000] {manager.py:878} INFO - 
================================================================================
DAG File Processing Stats

File Path                              PID    Runtime      # DAGs    # Errors  Last Runtime    Last Run
-------------------------------------  -----  ---------  --------  ----------  --------------  -------------------
/opt/airflow/dags/youtube_pipeline.py                           1           0  0.22s           2026-05-13T15:01:51
================================================================================
[2026-05-13T15:02:22.300+0000] {manager.py:878} INFO - 
================================================================================
DAG File Processing Stats

File Path                              PID    Runtime      # DAGs    # Errors  Last Runtime    Last Run
-------------------------------------  -----  ---------  --------  ----------  --------------  -------------------
/opt/airflow/dags/youtube_pipeline.py                           1           0  0.15s           2026-05-13T15:02:21
================================================================================
[2026-05-13T15:02:52.645+0000] {manager.py:878} INFO - 
================================================================================
DAG File Processing Stats

File Path                              PID    Runtime      # DAGs    # Errors  Last Runtime    Last Run
-------------------------------------  -----  ---------  --------  ----------  --------------  -------------------
/opt/airflow/dags/youtube_pipeline.py                           1           0  0.16s           2026-05-13T15:02:51
================================================================================
[2026-05-13T15:03:22.912+0000] {manager.py:878} INFO - 
================================================================================
DAG File Processing Stats

File Path                              PID    Runtime      # DAGs    # Errors  Last Runtime    Last Run
-------------------------------------  -----  ---------  --------  ----------  --------------  -------------------
/opt/airflow/dags/youtube_pipeline.py                           1           0  0.14s           2026-05-13T15:03:22
================================================================================
[2026-05-13T15:03:25.937+0000] {manager.py:737} INFO - Searching for files in /opt/airflow/dags
[2026-05-13T15:03:25.967+0000] {manager.py:740} INFO - There are 1 files in /opt/airflow/dags
[2026-05-13T15:03:53.250+0000] {manager.py:878} INFO - 
================================================================================
DAG File Processing Stats

File Path                              PID    Runtime      # DAGs    # Errors  Last Runtime    Last Run
-------------------------------------  -----  ---------  --------  ----------  --------------  -------------------
/opt/airflow/dags/youtube_pipeline.py                           1           0  0.16s           2026-05-13T15:03:52
================================================================================
[2026-05-13T15:04:23.582+0000] {manager.py:878} INFO - 
================================================================================
DAG File Processing Stats

File Path                              PID    Runtime      # DAGs    # Errors  Last Runtime    Last Run
-------------------------------------  -----  ---------  --------  ----------  --------------  -------------------
/opt/airflow/dags/youtube_pipeline.py                           1           0  0.17s           2026-05-13T15:04:22
================================================================================
[2026-05-13T15:04:53.927+0000] {manager.py:878} INFO - 
================================================================================
DAG File Processing Stats

File Path                              PID    Runtime      # DAGs    # Errors  Last Runtime    Last Run
-------------------------------------  -----  ---------  --------  ----------  --------------  -------------------
/opt/airflow/dags/youtube_pipeline.py                           1           0  0.23s           2026-05-13T15:04:53
================================================================================
[2026-05-13T15:05:24.188+0000] {manager.py:878} INFO - 
================================================================================
DAG File Processing Stats

File Path                              PID    Runtime      # DAGs    # Errors  Last Runtime    Last Run
-------------------------------------  -----  ---------  --------  ----------  --------------  -------------------
/opt/airflow/dags/youtube_pipeline.py                           1           0  0.16s           2026-05-13T15:05:23
================================================================================
[2026-05-13T15:05:54.444+0000] {manager.py:878} INFO - 
================================================================================
DAG File Processing Stats

File Path                              PID    Runtime      # DAGs    # Errors  Last Runtime    Last Run
-------------------------------------  -----  ---------  --------  ----------  --------------  -------------------
/opt/airflow/dags/youtube_pipeline.py                           1           0  0.18s           2026-05-13T15:05:53
================================================================================
[2026-05-13T15:06:24.705+0000] {manager.py:878} INFO - 
================================================================================
DAG File Processing Stats

File Path                              PID    Runtime      # DAGs    # Errors  Last Runtime    Last Run
-------------------------------------  -----  ---------  --------  ----------  --------------  -------------------
/opt/airflow/dags/youtube_pipeline.py                           1           0  0.17s           2026-05-13T15:06:23
================================================================================
[2026-05-13T15:06:55.063+0000] {manager.py:878} INFO - 
================================================================================
DAG File Processing Stats

File Path                              PID    Runtime      # DAGs    # Errors  Last Runtime    Last Run
-------------------------------------  -----  ---------  --------  ----------  --------------  -------------------
/opt/airflow/dags/youtube_pipeline.py                           1           0  0.17s           2026-05-13T15:06:54
================================================================================
[2026-05-13T15:07:25.410+0000] {manager.py:878} INFO - 
================================================================================
DAG File Processing Stats

File Path                              PID    Runtime      # DAGs    # Errors  Last Runtime    Last Run
-------------------------------------  -----  ---------  --------  ----------  --------------  -------------------
/opt/airflow/dags/youtube_pipeline.py                           1           0  0.33s           2026-05-13T15:07:24
================================================================================
[2026-05-13T15:07:55.670+0000] {manager.py:878} INFO - 
================================================================================
DAG File Processing Stats

File Path                              PID    Runtime      # DAGs    # Errors  Last Runtime    Last Run
-------------------------------------  -----  ---------  --------  ----------  --------------  -------------------
/opt/airflow/dags/youtube_pipeline.py                           1           0  0.16s           2026-05-13T15:07:54
================================================================================
[2026-05-13T15:08:26.043+0000] {manager.py:737} INFO - Searching for files in /opt/airflow/dags
[2026-05-13T15:08:26.075+0000] {manager.py:740} INFO - There are 1 files in /opt/airflow/dags
[2026-05-13T15:08:26.090+0000] {manager.py:878} INFO - 
================================================================================
DAG File Processing Stats

File Path                              PID    Runtime      # DAGs    # Errors  Last Runtime    Last Run
-------------------------------------  -----  ---------  --------  ----------  --------------  -------------------
/opt/airflow/dags/youtube_pipeline.py                           1           0  0.16s           2026-05-13T15:08:25
================================================================================
[2026-05-13T15:08:56.360+0000] {manager.py:878} INFO - 
================================================================================
DAG File Processing Stats

File Path                              PID    Runtime      # DAGs    # Errors  Last Runtime    Last Run
-------------------------------------  -----  ---------  --------  ----------  --------------  -------------------
/opt/airflow/dags/youtube_pipeline.py                           1           0  0.15s           2026-05-13T15:08:55
================================================================================
[2026-05-13T15:09:26.610+0000] {manager.py:878} INFO - 
================================================================================
DAG File Processing Stats

File Path                              PID    Runtime      # DAGs    # Errors  Last Runtime    Last Run
-------------------------------------  -----  ---------  --------  ----------  --------------  -------------------
/opt/airflow/dags/youtube_pipeline.py                           1           0  0.15s           2026-05-13T15:09:25
================================================================================
[2026-05-13T15:09:56.948+0000] {manager.py:878} INFO - 
================================================================================
DAG File Processing Stats

File Path                              PID    Runtime      # DAGs    # Errors  Last Runtime    Last Run
-------------------------------------  -----  ---------  --------  ----------  --------------  -------------------
/opt/airflow/dags/youtube_pipeline.py                           1           0  0.16s           2026-05-13T15:09:56
================================================================================
[2026-05-13T15:10:27.268+0000] {manager.py:878} INFO - 
================================================================================
DAG File Processing Stats

File Path                              PID    Runtime      # DAGs    # Errors  Last Runtime    Last Run
-------------------------------------  -----  ---------  --------  ----------  --------------  -------------------
/opt/airflow/dags/youtube_pipeline.py                           1           0  0.17s           2026-05-13T15:10:26
================================================================================
[2026-05-13T15:10:57.625+0000] {manager.py:878} INFO - 
================================================================================
DAG File Processing Stats

File Path                              PID    Runtime      # DAGs    # Errors  Last Runtime    Last Run
-------------------------------------  -----  ---------  --------  ----------  --------------  -------------------
/opt/airflow/dags/youtube_pipeline.py                           1           0  0.16s           2026-05-13T15:10:56
================================================================================
[2026-05-13T15:11:27.983+0000] {manager.py:878} INFO - 
================================================================================
DAG File Processing Stats

File Path                              PID    Runtime      # DAGs    # Errors  Last Runtime    Last Run
-------------------------------------  -----  ---------  --------  ----------  --------------  -------------------
/opt/airflow/dags/youtube_pipeline.py                           1           0  0.18s           2026-05-13T15:11:27
================================================================================
[2026-05-13T15:11:58.291+0000] {manager.py:878} INFO - 
================================================================================
DAG File Processing Stats

File Path                              PID    Runtime      # DAGs    # Errors  Last Runtime    Last Run
-------------------------------------  -----  ---------  --------  ----------  --------------  -------------------
/opt/airflow/dags/youtube_pipeline.py                           1           0  0.16s           2026-05-13T15:11:57
================================================================================
[2026-05-13T15:12:28.644+0000] {manager.py:878} INFO - 
================================================================================
DAG File Processing Stats

File Path                              PID    Runtime      # DAGs    # Errors  Last Runtime    Last Run
-------------------------------------  -----  ---------  --------  ----------  --------------  -------------------
/opt/airflow/dags/youtube_pipeline.py                           1           0  0.19s           2026-05-13T15:12:27
================================================================================
[2026-05-13T15:12:58.928+0000] {manager.py:878} INFO - 
================================================================================
DAG File Processing Stats

File Path                              PID    Runtime      # DAGs    # Errors  Last Runtime    Last Run
-------------------------------------  -----  ---------  --------  ----------  --------------  -------------------
/opt/airflow/dags/youtube_pipeline.py                           1           0  0.21s           2026-05-13T15:12:58
================================================================================
[2026-05-13T15:13:26.133+0000] {manager.py:737} INFO - Searching for files in /opt/airflow/dags
[2026-05-13T15:13:26.180+0000] {manager.py:740} INFO - There are 1 files in /opt/airflow/dags
[2026-05-13T15:13:29.342+0000] {manager.py:878} INFO - 
================================================================================
DAG File Processing Stats

File Path                              PID    Runtime      # DAGs    # Errors  Last Runtime    Last Run
-------------------------------------  -----  ---------  --------  ----------  --------------  -------------------
/opt/airflow/dags/youtube_pipeline.py                           1           0  0.17s           2026-05-13T15:13:28
================================================================================
[2026-05-13T15:13:59.628+0000] {manager.py:878} INFO - 
================================================================================
DAG File Processing Stats

File Path                              PID    Runtime      # DAGs    # Errors  Last Runtime    Last Run
-------------------------------------  -----  ---------  --------  ----------  --------------  -------------------
/opt/airflow/dags/youtube_pipeline.py                           1           0  0.22s           2026-05-13T15:13:58
================================================================================
[2026-05-13T15:14:29.858+0000] {manager.py:878} INFO - 
================================================================================
DAG File Processing Stats

File Path                              PID    Runtime      # DAGs    # Errors  Last Runtime    Last Run
-------------------------------------  -----  ---------  --------  ----------  --------------  -------------------
/opt/airflow/dags/youtube_pipeline.py                           1           0  0.17s           2026-05-13T15:14:29
================================================================================
[2026-05-13T15:14:46.477+0000] {manager.py:452} INFO - Exiting gracefully upon receiving signal 15
[2026-05-13T15:15:21.644+0000] {manager.py:470} INFO - Processing files using up to 2 processes at a time 
[2026-05-13T15:15:21.647+0000] {manager.py:471} INFO - Process each file at most once every 30 seconds
[2026-05-13T15:15:21.649+0000] {manager.py:472} INFO - Checking for new files in /opt/airflow/dags every 300 seconds
[2026-05-13T15:15:21.650+0000] {manager.py:737} INFO - Searching for files in /opt/airflow/dags
[2026-05-13T15:15:21.698+0000] {manager.py:740} INFO - There are 1 files in /opt/airflow/dags
[2026-05-13T15:15:21.820+0000] {manager.py:878} INFO - 
================================================================================
DAG File Processing Stats

File Path                                PID  Runtime      # DAGs    # Errors  Last Runtime    Last Run
-------------------------------------  -----  ---------  --------  ----------  --------------  ----------
/opt/airflow/dags/youtube_pipeline.py     54  0.05s             0           0
================================================================================
[2026-05-13T15:15:52.034+0000] {manager.py:878} INFO - 
================================================================================
DAG File Processing Stats

File Path                              PID    Runtime      # DAGs    # Errors  Last Runtime    Last Run
-------------------------------------  -----  ---------  --------  ----------  --------------  -------------------
/opt/airflow/dags/youtube_pipeline.py                           1           0  0.39s           2026-05-13T15:15:22
================================================================================
[2026-05-13T15:16:22.613+0000] {manager.py:878} INFO - 
================================================================================
DAG File Processing Stats

File Path                                PID  Runtime      # DAGs    # Errors  Last Runtime    Last Run
-------------------------------------  -----  ---------  --------  ----------  --------------  -------------------
/opt/airflow/dags/youtube_pipeline.py     68  0.01s             1           0  0.17s           2026-05-13T15:15:52
================================================================================
[2026-05-13T15:16:53.000+0000] {manager.py:878} INFO - 
================================================================================
DAG File Processing Stats

File Path                                PID  Runtime      # DAGs    # Errors  Last Runtime    Last Run
-------------------------------------  -----  ---------  --------  ----------  --------------  -------------------
/opt/airflow/dags/youtube_pipeline.py     75  0.00s             1           0  0.17s           2026-05-13T15:16:22
================================================================================
[2026-05-13T15:17:23.307+0000] {manager.py:878} INFO - 
================================================================================
DAG File Processing Stats

File Path                                PID  Runtime      # DAGs    # Errors  Last Runtime    Last Run
-------------------------------------  -----  ---------  --------  ----------  --------------  -------------------
/opt/airflow/dags/youtube_pipeline.py     82  0.00s             1           0  0.16s           2026-05-13T15:16:53
================================================================================
[2026-05-13T15:17:53.636+0000] {manager.py:878} INFO - 
================================================================================
DAG File Processing Stats

File Path                                PID  Runtime      # DAGs    # Errors  Last Runtime    Last Run
-------------------------------------  -----  ---------  --------  ----------  --------------  -------------------
/opt/airflow/dags/youtube_pipeline.py     89  0.00s             1           0  0.19s           2026-05-13T15:17:23
================================================================================
[2026-05-13T15:18:23.969+0000] {manager.py:878} INFO - 
================================================================================
DAG File Processing Stats

File Path                                PID  Runtime      # DAGs    # Errors  Last Runtime    Last Run
-------------------------------------  -----  ---------  --------  ----------  --------------  -------------------
/opt/airflow/dags/youtube_pipeline.py    102  0.00s             1           0  0.17s           2026-05-13T15:17:53
================================================================================
[2026-05-13T15:18:54.260+0000] {manager.py:878} INFO - 
================================================================================
DAG File Processing Stats

File Path                                PID  Runtime      # DAGs    # Errors  Last Runtime    Last Run
-------------------------------------  -----  ---------  --------  ----------  --------------  -------------------
/opt/airflow/dags/youtube_pipeline.py    109  0.01s             1           0  0.15s           2026-05-13T15:18:24
================================================================================
[2026-05-13T15:19:24.553+0000] {manager.py:878} INFO - 
================================================================================
DAG File Processing Stats

File Path                                PID  Runtime      # DAGs    # Errors  Last Runtime    Last Run
-------------------------------------  -----  ---------  --------  ----------  --------------  -------------------
/opt/airflow/dags/youtube_pipeline.py    116  0.00s             1           0  0.22s           2026-05-13T15:18:54
================================================================================
[2026-05-13T15:19:54.941+0000] {manager.py:878} INFO - 
================================================================================
DAG File Processing Stats

File Path                                PID  Runtime      # DAGs    # Errors  Last Runtime    Last Run
-------------------------------------  -----  ---------  --------  ----------  --------------  -------------------
/opt/airflow/dags/youtube_pipeline.py    123  0.01s             1           0  0.17s           2026-05-13T15:19:24
================================================================================
[2026-05-13T15:20:22.185+0000] {manager.py:737} INFO - Searching for files in /opt/airflow/dags
[2026-05-13T15:20:22.227+0000] {manager.py:740} INFO - There are 1 files in /opt/airflow/dags
[2026-05-13T15:20:25.292+0000] {manager.py:878} INFO - 
================================================================================
DAG File Processing Stats

File Path                                PID  Runtime      # DAGs    # Errors  Last Runtime    Last Run
-------------------------------------  -----  ---------  --------  ----------  --------------  -------------------
/opt/airflow/dags/youtube_pipeline.py    130  0.01s             1           0  0.19s           2026-05-13T15:19:55
================================================================================
[2026-05-13T15:20:55.636+0000] {manager.py:878} INFO - 
================================================================================
DAG File Processing Stats

File Path                                PID  Runtime      # DAGs    # Errors  Last Runtime    Last Run
-------------------------------------  -----  ---------  --------  ----------  --------------  -------------------
/opt/airflow/dags/youtube_pipeline.py    137  0.00s             1           0  0.18s           2026-05-13T15:20:25
================================================================================
[2026-05-13T15:21:25.955+0000] {manager.py:878} INFO - 
================================================================================
DAG File Processing Stats

File Path                                PID  Runtime      # DAGs    # Errors  Last Runtime    Last Run
-------------------------------------  -----  ---------  --------  ----------  --------------  -------------------
/opt/airflow/dags/youtube_pipeline.py    144  0.00s             1           0  0.15s           2026-05-13T15:20:55
================================================================================
[2026-05-13T15:21:56.250+0000] {manager.py:878} INFO - 
================================================================================
DAG File Processing Stats

File Path                                PID  Runtime      # DAGs    # Errors  Last Runtime    Last Run
-------------------------------------  -----  ---------  --------  ----------  --------------  -------------------
/opt/airflow/dags/youtube_pipeline.py    151  0.01s             1           0  0.15s           2026-05-13T15:21:26
================================================================================
[2026-05-13T15:22:26.607+0000] {manager.py:878} INFO - 
================================================================================
DAG File Processing Stats

File Path                                PID  Runtime      # DAGs    # Errors  Last Runtime    Last Run
-------------------------------------  -----  ---------  --------  ----------  --------------  -------------------
/opt/airflow/dags/youtube_pipeline.py    158  0.00s             1           0  0.14s           2026-05-13T15:21:56
================================================================================
[2026-05-13T15:22:56.875+0000] {manager.py:878} INFO - 
================================================================================
DAG File Processing Stats

File Path                                PID  Runtime      # DAGs    # Errors  Last Runtime    Last Run
-------------------------------------  -----  ---------  --------  ----------  --------------  -------------------
/opt/airflow/dags/youtube_pipeline.py    165  0.00s             1           0  0.18s           2026-05-13T15:22:26
================================================================================
[2026-05-13T15:23:19.301+0000] {manager.py:452} INFO - Exiting gracefully upon receiving signal 15
[2026-05-13T15:24:47.924+0000] {manager.py:470} INFO - Processing files using up to 2 processes at a time 
[2026-05-13T15:24:47.926+0000] {manager.py:471} INFO - Process each file at most once every 30 seconds
[2026-05-13T15:24:47.929+0000] {manager.py:472} INFO - Checking for new files in /opt/airflow/dags every 300 seconds
[2026-05-13T15:24:47.931+0000] {manager.py:737} INFO - Searching for files in /opt/airflow/dags
[2026-05-13T15:24:47.977+0000] {manager.py:740} INFO - There are 1 files in /opt/airflow/dags
[2026-05-13T15:24:48.083+0000] {manager.py:878} INFO - 
================================================================================
DAG File Processing Stats

File Path                                PID  Runtime      # DAGs    # Errors  Last Runtime    Last Run
-------------------------------------  -----  ---------  --------  ----------  --------------  ----------
/opt/airflow/dags/youtube_pipeline.py     55  0.04s             0           0
================================================================================
[2026-05-13T15:25:18.311+0000] {manager.py:878} INFO - 
================================================================================
DAG File Processing Stats

File Path                              PID    Runtime      # DAGs    # Errors  Last Runtime    Last Run
-------------------------------------  -----  ---------  --------  ----------  --------------  -------------------
/opt/airflow/dags/youtube_pipeline.py                           1           0  0.44s           2026-05-13T15:24:48
================================================================================
[2026-05-13T15:25:49.056+0000] {manager.py:878} INFO - 
================================================================================
DAG File Processing Stats

File Path                                PID  Runtime      # DAGs    # Errors  Last Runtime    Last Run
-------------------------------------  -----  ---------  --------  ----------  --------------  -------------------
/opt/airflow/dags/youtube_pipeline.py     70  0.00s             1           0  0.17s           2026-05-13T15:25:18
================================================================================
[2026-05-13T15:26:19.383+0000] {manager.py:878} INFO - 
================================================================================
DAG File Processing Stats

File Path                                PID  Runtime      # DAGs    # Errors  Last Runtime    Last Run
-------------------------------------  -----  ---------  --------  ----------  --------------  -------------------
/opt/airflow/dags/youtube_pipeline.py     77  0.00s             1           0  0.16s           2026-05-13T15:25:49
================================================================================
[2026-05-13T15:26:49.688+0000] {manager.py:878} INFO - 
================================================================================
DAG File Processing Stats

File Path                                PID  Runtime      # DAGs    # Errors  Last Runtime    Last Run
-------------------------------------  -----  ---------  --------  ----------  --------------  -------------------
/opt/airflow/dags/youtube_pipeline.py     90  0.00s             1           0  0.16s           2026-05-13T15:26:19
================================================================================
[2026-05-13T15:27:20.052+0000] {manager.py:878} INFO - 
================================================================================
DAG File Processing Stats

File Path                                PID  Runtime      # DAGs    # Errors  Last Runtime    Last Run
-------------------------------------  -----  ---------  --------  ----------  --------------  -------------------
/opt/airflow/dags/youtube_pipeline.py     97  0.01s             1           0  0.17s           2026-05-13T15:26:49
================================================================================
[2026-05-13T15:27:50.302+0000] {manager.py:878} INFO - 
================================================================================
DAG File Processing Stats

File Path                                PID  Runtime      # DAGs    # Errors  Last Runtime    Last Run
-------------------------------------  -----  ---------  --------  ----------  --------------  -------------------
/opt/airflow/dags/youtube_pipeline.py    104  0.00s             1           0  0.19s           2026-05-13T15:27:20
================================================================================
[2026-05-13T15:28:20.737+0000] {manager.py:878} INFO - 
================================================================================
DAG File Processing Stats

File Path                                PID  Runtime      # DAGs    # Errors  Last Runtime    Last Run
-------------------------------------  -----  ---------  --------  ----------  --------------  -------------------
/opt/airflow/dags/youtube_pipeline.py    111  0.00s             1           0  0.20s           2026-05-13T15:27:50
================================================================================
[2026-05-13T15:28:51.011+0000] {manager.py:878} INFO - 
================================================================================
DAG File Processing Stats

File Path                                PID  Runtime      # DAGs    # Errors  Last Runtime    Last Run
-------------------------------------  -----  ---------  --------  ----------  --------------  -------------------
/opt/airflow/dags/youtube_pipeline.py    118  0.01s             1           0  0.15s           2026-05-13T15:28:20
================================================================================
[2026-05-13T15:29:21.340+0000] {manager.py:878} INFO - 
================================================================================
DAG File Processing Stats

File Path                              PID    Runtime      # DAGs    # Errors  Last Runtime    Last Run
-------------------------------------  -----  ---------  --------  ----------  --------------  -------------------
/opt/airflow/dags/youtube_pipeline.py                           1           0  0.38s           2026-05-13T15:28:51
================================================================================
[2026-05-13T15:29:47.962+0000] {manager.py:737} INFO - Searching for files in /opt/airflow/dags
[2026-05-13T15:29:47.998+0000] {manager.py:740} INFO - There are 1 files in /opt/airflow/dags
[2026-05-13T15:29:51.897+0000] {manager.py:878} INFO - 
================================================================================
DAG File Processing Stats

File Path                                PID  Runtime      # DAGs    # Errors  Last Runtime    Last Run
-------------------------------------  -----  ---------  --------  ----------  --------------  -------------------
/opt/airflow/dags/youtube_pipeline.py    132  0.01s             1           0  0.16s           2026-05-13T15:29:21
================================================================================
[2026-05-13T15:30:22.298+0000] {manager.py:878} INFO - 
================================================================================
DAG File Processing Stats

File Path                                PID  Runtime      # DAGs    # Errors  Last Runtime    Last Run
-------------------------------------  -----  ---------  --------  ----------  --------------  -------------------
/opt/airflow/dags/youtube_pipeline.py    139  0.00s             1           0  0.19s           2026-05-13T15:29:52
================================================================================
[2026-05-13T15:30:52.543+0000] {manager.py:878} INFO - 
================================================================================
DAG File Processing Stats

File Path                                PID  Runtime      # DAGs    # Errors  Last Runtime    Last Run
-------------------------------------  -----  ---------  --------  ----------  --------------  -------------------
/opt/airflow/dags/youtube_pipeline.py    146  0.00s             1           0  0.15s           2026-05-13T15:30:22
================================================================================
[2026-05-13T15:31:22.881+0000] {manager.py:878} INFO - 
================================================================================
DAG File Processing Stats

File Path                                PID  Runtime      # DAGs    # Errors  Last Runtime    Last Run
-------------------------------------  -----  ---------  --------  ----------  --------------  -------------------
/opt/airflow/dags/youtube_pipeline.py    153  0.00s             1           0  0.17s           2026-05-13T15:30:52
================================================================================
[2026-05-13T15:31:53.166+0000] {manager.py:878} INFO - 
================================================================================
DAG File Processing Stats

File Path                                PID  Runtime      # DAGs    # Errors  Last Runtime    Last Run
-------------------------------------  -----  ---------  --------  ----------  --------------  -------------------
/opt/airflow/dags/youtube_pipeline.py    160  0.00s             1           0  0.18s           2026-05-13T15:31:23
================================================================================
[2026-05-13T15:32:23.536+0000] {manager.py:878} INFO - 
================================================================================
DAG File Processing Stats

File Path                                PID  Runtime      # DAGs    # Errors  Last Runtime    Last Run
-------------------------------------  -----  ---------  --------  ----------  --------------  -------------------
/opt/airflow/dags/youtube_pipeline.py    167  0.00s             1           0  0.16s           2026-05-13T15:31:53
================================================================================
[2026-05-13T15:32:53.794+0000] {manager.py:878} INFO - 
================================================================================
DAG File Processing Stats

File Path                                PID  Runtime      # DAGs    # Errors  Last Runtime    Last Run
-------------------------------------  -----  ---------  --------  ----------  --------------  -------------------
/opt/airflow/dags/youtube_pipeline.py    174  0.00s             1           0  0.18s           2026-05-13T15:32:23
================================================================================
[2026-05-13T15:33:24.223+0000] {manager.py:878} INFO - 
================================================================================
DAG File Processing Stats

File Path                                PID  Runtime      # DAGs    # Errors  Last Runtime    Last Run
-------------------------------------  -----  ---------  --------  ----------  --------------  -------------------
/opt/airflow/dags/youtube_pipeline.py    181  0.00s             1           0  0.16s           2026-05-13T15:32:53
================================================================================
[2026-05-13T15:33:54.493+0000] {manager.py:878} INFO - 
================================================================================
DAG File Processing Stats

File Path                                PID  Runtime      # DAGs    # Errors  Last Runtime    Last Run
-------------------------------------  -----  ---------  --------  ----------  --------------  -------------------
/opt/airflow/dags/youtube_pipeline.py    188  0.01s             1           0  0.16s           2026-05-13T15:33:24
================================================================================
[2026-05-13T15:34:24.863+0000] {manager.py:878} INFO - 
================================================================================
DAG File Processing Stats

File Path                                PID  Runtime      # DAGs    # Errors  Last Runtime    Last Run
-------------------------------------  -----  ---------  --------  ----------  --------------  -------------------
/opt/airflow/dags/youtube_pipeline.py    195  0.00s             1           0  0.23s           2026-05-13T15:33:54
================================================================================
[2026-05-13T15:34:48.084+0000] {manager.py:737} INFO - Searching for files in /opt/airflow/dags
[2026-05-13T15:34:48.145+0000] {manager.py:740} INFO - There are 1 files in /opt/airflow/dags
[2026-05-13T15:34:55.243+0000] {manager.py:878} INFO - 
================================================================================
DAG File Processing Stats

File Path                                PID  Runtime      # DAGs    # Errors  Last Runtime    Last Run
-------------------------------------  -----  ---------  --------  ----------  --------------  -------------------
/opt/airflow/dags/youtube_pipeline.py    202  0.00s             1           0  0.18s           2026-05-13T15:34:25
================================================================================
[2026-05-13T15:35:25.545+0000] {manager.py:878} INFO - 
================================================================================
DAG File Processing Stats

File Path                                PID  Runtime      # DAGs    # Errors  Last Runtime    Last Run
-------------------------------------  -----  ---------  --------  ----------  --------------  -------------------
/opt/airflow/dags/youtube_pipeline.py    210  0.01s             1           0  0.16s           2026-05-13T15:34:55
================================================================================
[2026-05-13T15:35:55.906+0000] {manager.py:878} INFO - 
================================================================================
DAG File Processing Stats

File Path                                PID  Runtime      # DAGs    # Errors  Last Runtime    Last Run
-------------------------------------  -----  ---------  --------  ----------  --------------  -------------------
/opt/airflow/dags/youtube_pipeline.py    217  0.01s             1           0  0.17s           2026-05-13T15:35:25
================================================================================
[2026-05-13T15:36:26.181+0000] {manager.py:878} INFO - 
================================================================================
DAG File Processing Stats

File Path                                PID  Runtime      # DAGs    # Errors  Last Runtime    Last Run
-------------------------------------  -----  ---------  --------  ----------  --------------  -------------------
/opt/airflow/dags/youtube_pipeline.py    224  0.00s             1           0  0.18s           2026-05-13T15:35:56
================================================================================
[2026-05-13T15:36:56.589+0000] {manager.py:878} INFO - 
================================================================================
DAG File Processing Stats

File Path                                PID  Runtime      # DAGs    # Errors  Last Runtime    Last Run
-------------------------------------  -----  ---------  --------  ----------  --------------  -------------------
/opt/airflow/dags/youtube_pipeline.py    231  0.00s             1           0  0.15s           2026-05-13T15:36:26
================================================================================
[2026-05-13T15:37:26.889+0000] {manager.py:878} INFO - 
================================================================================
DAG File Processing Stats

File Path                                PID  Runtime      # DAGs    # Errors  Last Runtime    Last Run
-------------------------------------  -----  ---------  --------  ----------  --------------  -------------------
/opt/airflow/dags/youtube_pipeline.py    238  0.01s             1           0  0.16s           2026-05-13T15:36:56
================================================================================
[2026-05-13T15:37:57.232+0000] {manager.py:878} INFO - 
================================================================================
DAG File Processing Stats

File Path                                PID  Runtime      # DAGs    # Errors  Last Runtime    Last Run
-------------------------------------  -----  ---------  --------  ----------  --------------  -------------------
/opt/airflow/dags/youtube_pipeline.py    245  0.00s             1           0  0.31s           2026-05-13T15:37:27
================================================================================
[2026-05-13T15:38:27.580+0000] {manager.py:878} INFO - 
================================================================================
DAG File Processing Stats

File Path                                PID  Runtime      # DAGs    # Errors  Last Runtime    Last Run
-------------------------------------  -----  ---------  --------  ----------  --------------  -------------------
/opt/airflow/dags/youtube_pipeline.py    252  0.01s             1           0  0.15s           2026-05-13T15:37:57
================================================================================
[2026-05-13T15:38:57.876+0000] {manager.py:878} INFO - 
================================================================================
DAG File Processing Stats

File Path                              PID    Runtime      # DAGs    # Errors  Last Runtime    Last Run
-------------------------------------  -----  ---------  --------  ----------  --------------  -------------------
/opt/airflow/dags/youtube_pipeline.py                           1           0  0.31s           2026-05-13T15:38:27
================================================================================
[2026-05-13T15:39:28.367+0000] {manager.py:878} INFO - 
================================================================================
DAG File Processing Stats

File Path                                PID  Runtime      # DAGs    # Errors  Last Runtime    Last Run
-------------------------------------  -----  ---------  --------  ----------  --------------  -------------------
/opt/airflow/dags/youtube_pipeline.py    266  0.00s             1           0  0.19s           2026-05-13T15:38:58
================================================================================
[2026-05-13T15:39:48.539+0000] {manager.py:737} INFO - Searching for files in /opt/airflow/dags
[2026-05-13T15:39:48.563+0000] {manager.py:740} INFO - There are 1 files in /opt/airflow/dags
[2026-05-13T15:39:58.665+0000] {manager.py:878} INFO - 
================================================================================
DAG File Processing Stats

File Path                                PID  Runtime      # DAGs    # Errors  Last Runtime    Last Run
-------------------------------------  -----  ---------  --------  ----------  --------------  -------------------
/opt/airflow/dags/youtube_pipeline.py    273  0.00s             1           0  0.16s           2026-05-13T15:39:28
================================================================================
[2026-05-13T15:40:29.068+0000] {manager.py:878} INFO - 
================================================================================
DAG File Processing Stats

File Path                                PID  Runtime      # DAGs    # Errors  Last Runtime    Last Run
-------------------------------------  -----  ---------  --------  ----------  --------------  -------------------
/opt/airflow/dags/youtube_pipeline.py    280  0.00s             1           0  0.15s           2026-05-13T15:39:58
================================================================================
[2026-05-13T15:40:59.533+0000] {manager.py:878} INFO - 
================================================================================
DAG File Processing Stats

File Path                                PID  Runtime      # DAGs    # Errors  Last Runtime    Last Run
-------------------------------------  -----  ---------  --------  ----------  --------------  -------------------
/opt/airflow/dags/youtube_pipeline.py    287  0.00s             1           0  0.32s           2026-05-13T15:40:29
================================================================================
[2026-05-13T15:41:29.805+0000] {manager.py:878} INFO - 
================================================================================
DAG File Processing Stats

File Path                              PID    Runtime      # DAGs    # Errors  Last Runtime    Last Run
-------------------------------------  -----  ---------  --------  ----------  --------------  -------------------
/opt/airflow/dags/youtube_pipeline.py                           0           1  0.92s           2026-05-13T15:41:11
================================================================================
[2026-05-13T15:41:59.873+0000] {manager.py:878} INFO - 
================================================================================
DAG File Processing Stats

File Path                              PID    Runtime      # DAGs    # Errors  Last Runtime    Last Run
-------------------------------------  -----  ---------  --------  ----------  --------------  -------------------
/opt/airflow/dags/youtube_pipeline.py                           0           1  0.55s           2026-05-13T15:41:42
================================================================================
[2026-05-13T15:42:30.486+0000] {manager.py:878} INFO - 
================================================================================
DAG File Processing Stats

File Path                              PID    Runtime      # DAGs    # Errors  Last Runtime    Last Run
-------------------------------------  -----  ---------  --------  ----------  --------------  -------------------
/opt/airflow/dags/youtube_pipeline.py                           0           1  0.41s           2026-05-13T15:42:13
================================================================================
[2026-05-13T15:43:00.816+0000] {manager.py:878} INFO - 
================================================================================
DAG File Processing Stats

File Path                              PID    Runtime      # DAGs    # Errors  Last Runtime    Last Run
-------------------------------------  -----  ---------  --------  ----------  --------------  -------------------
/opt/airflow/dags/youtube_pipeline.py                           0           1  0.40s           2026-05-13T15:42:44
================================================================================
[2026-05-13T15:43:30.860+0000] {manager.py:878} INFO - 
================================================================================
DAG File Processing Stats

File Path                              PID    Runtime      # DAGs    # Errors  Last Runtime    Last Run
-------------------------------------  -----  ---------  --------  ----------  --------------  -------------------
/opt/airflow/dags/youtube_pipeline.py                           0           1  0.42s           2026-05-13T15:43:14
================================================================================
[2026-05-13T15:44:01.119+0000] {manager.py:878} INFO - 
================================================================================
DAG File Processing Stats

File Path                              PID    Runtime      # DAGs    # Errors  Last Runtime    Last Run
-------------------------------------  -----  ---------  --------  ----------  --------------  -------------------
/opt/airflow/dags/youtube_pipeline.py                           0           1  0.49s           2026-05-13T15:43:45
================================================================================
[2026-05-13T15:44:31.292+0000] {manager.py:878} INFO - 
================================================================================
DAG File Processing Stats

File Path                              PID    Runtime      # DAGs    # Errors  Last Runtime    Last Run
-------------------------------------  -----  ---------  --------  ----------  --------------  -------------------
/opt/airflow/dags/youtube_pipeline.py                           0           1  0.42s           2026-05-13T15:44:16
================================================================================
[2026-05-13T15:44:48.851+0000] {manager.py:737} INFO - Searching for files in /opt/airflow/dags
[2026-05-13T15:44:48.894+0000] {manager.py:740} INFO - There are 1 files in /opt/airflow/dags
[2026-05-13T15:45:01.549+0000] {manager.py:878} INFO - 
================================================================================
DAG File Processing Stats

File Path                              PID    Runtime      # DAGs    # Errors  Last Runtime    Last Run
-------------------------------------  -----  ---------  --------  ----------  --------------  -------------------
/opt/airflow/dags/youtube_pipeline.py                           0           1  0.42s           2026-05-13T15:44:46
================================================================================
[2026-05-13T15:45:31.664+0000] {manager.py:878} INFO - 
================================================================================
DAG File Processing Stats

File Path                              PID    Runtime      # DAGs    # Errors  Last Runtime    Last Run
-------------------------------------  -----  ---------  --------  ----------  --------------  -------------------
/opt/airflow/dags/youtube_pipeline.py                           0           1  0.42s           2026-05-13T15:45:17
================================================================================
[2026-05-13T15:46:01.938+0000] {manager.py:878} INFO - 
================================================================================
DAG File Processing Stats

File Path                              PID    Runtime      # DAGs    # Errors  Last Runtime    Last Run
-------------------------------------  -----  ---------  --------  ----------  --------------  -------------------
/opt/airflow/dags/youtube_pipeline.py                           0           1  0.43s           2026-05-13T15:45:48
================================================================================
[2026-05-13T15:46:32.009+0000] {manager.py:878} INFO - 
================================================================================
DAG File Processing Stats

File Path                              PID    Runtime      # DAGs    # Errors  Last Runtime    Last Run
-------------------------------------  -----  ---------  --------  ----------  --------------  -------------------
/opt/airflow/dags/youtube_pipeline.py                           0           1  0.43s           2026-05-13T15:46:18
================================================================================
[2026-05-13T15:47:02.252+0000] {manager.py:878} INFO - 
================================================================================
DAG File Processing Stats

File Path                              PID    Runtime      # DAGs    # Errors  Last Runtime    Last Run
-------------------------------------  -----  ---------  --------  ----------  --------------  -------------------
/opt/airflow/dags/youtube_pipeline.py                           0           1  0.40s           2026-05-13T15:46:49
================================================================================
[2026-05-13T15:47:32.279+0000] {manager.py:878} INFO - 
================================================================================
DAG File Processing Stats

File Path                              PID    Runtime      # DAGs    # Errors  Last Runtime    Last Run
-------------------------------------  -----  ---------  --------  ----------  --------------  -------------------
/opt/airflow/dags/youtube_pipeline.py                           0           1  0.39s           2026-05-13T15:47:20
================================================================================
[2026-05-13T15:48:02.501+0000] {manager.py:878} INFO - 
================================================================================
DAG File Processing Stats

File Path                              PID    Runtime      # DAGs    # Errors  Last Runtime    Last Run
-------------------------------------  -----  ---------  --------  ----------  --------------  -------------------
/opt/airflow/dags/youtube_pipeline.py                           0           1  0.40s           2026-05-13T15:47:50
================================================================================
[2026-05-13T15:48:32.627+0000] {manager.py:878} INFO - 
================================================================================
DAG File Processing Stats

File Path                              PID    Runtime      # DAGs    # Errors  Last Runtime    Last Run
-------------------------------------  -----  ---------  --------  ----------  --------------  -------------------
/opt/airflow/dags/youtube_pipeline.py                           0           1  0.46s           2026-05-13T15:48:21
================================================================================
[2026-05-13T15:49:02.844+0000] {manager.py:878} INFO - 
================================================================================
DAG File Processing Stats

File Path                              PID    Runtime      # DAGs    # Errors  Last Runtime    Last Run
-------------------------------------  -----  ---------  --------  ----------  --------------  -------------------
/opt/airflow/dags/youtube_pipeline.py                           0           1  0.39s           2026-05-13T15:48:52
================================================================================
[2026-05-13T15:49:32.886+0000] {manager.py:878} INFO - 
================================================================================
DAG File Processing Stats

File Path                              PID    Runtime      # DAGs    # Errors  Last Runtime    Last Run
-------------------------------------  -----  ---------  --------  ----------  --------------  -------------------
/opt/airflow/dags/youtube_pipeline.py                           0           1  0.42s           2026-05-13T15:49:22
================================================================================
[2026-05-13T15:49:49.004+0000] {manager.py:737} INFO - Searching for files in /opt/airflow/dags
[2026-05-13T15:49:49.034+0000] {manager.py:740} INFO - There are 1 files in /opt/airflow/dags
[2026-05-13T15:50:03.168+0000] {manager.py:878} INFO - 
================================================================================
DAG File Processing Stats

File Path                              PID    Runtime      # DAGs    # Errors  Last Runtime    Last Run
-------------------------------------  -----  ---------  --------  ----------  --------------  -------------------
/opt/airflow/dags/youtube_pipeline.py                           0           1  0.44s           2026-05-13T15:49:53
================================================================================
[2026-05-13T15:50:33.289+0000] {manager.py:878} INFO - 
================================================================================
DAG File Processing Stats

File Path                              PID    Runtime      # DAGs    # Errors  Last Runtime    Last Run
-------------------------------------  -----  ---------  --------  ----------  --------------  -------------------
/opt/airflow/dags/youtube_pipeline.py                           0           1  0.41s           2026-05-13T15:50:24
================================================================================
[2026-05-13T15:51:03.521+0000] {manager.py:878} INFO - 
================================================================================
DAG File Processing Stats

File Path                              PID    Runtime      # DAGs    # Errors  Last Runtime    Last Run
-------------------------------------  -----  ---------  --------  ----------  --------------  -------------------
/opt/airflow/dags/youtube_pipeline.py                           0           1  0.44s           2026-05-13T15:50:54
================================================================================
[2026-05-13T15:51:33.714+0000] {manager.py:878} INFO - 
================================================================================
DAG File Processing Stats

File Path                              PID    Runtime      # DAGs    # Errors  Last Runtime    Last Run
-------------------------------------  -----  ---------  --------  ----------  --------------  -------------------
/opt/airflow/dags/youtube_pipeline.py                           0           1  0.49s           2026-05-13T15:51:25
================================================================================
[2026-05-13T15:52:03.956+0000] {manager.py:878} INFO - 
================================================================================
DAG File Processing Stats

File Path                              PID    Runtime      # DAGs    # Errors  Last Runtime    Last Run
-------------------------------------  -----  ---------  --------  ----------  --------------  -------------------
/opt/airflow/dags/youtube_pipeline.py                           0           1  0.41s           2026-05-13T15:51:56
================================================================================
[2026-05-13T15:52:34.050+0000] {manager.py:878} INFO - 
================================================================================
DAG File Processing Stats

File Path                              PID    Runtime      # DAGs    # Errors  Last Runtime    Last Run
-------------------------------------  -----  ---------  --------  ----------  --------------  -------------------
/opt/airflow/dags/youtube_pipeline.py                           0           1  0.45s           2026-05-13T15:52:26
================================================================================
[2026-05-13T15:53:04.285+0000] {manager.py:878} INFO - 
================================================================================
DAG File Processing Stats

File Path                              PID    Runtime      # DAGs    # Errors  Last Runtime    Last Run
-------------------------------------  -----  ---------  --------  ----------  --------------  -------------------
/opt/airflow/dags/youtube_pipeline.py                           0           1  0.39s           2026-05-13T15:52:57
================================================================================
[2026-05-13T15:53:34.559+0000] {manager.py:878} INFO - 
================================================================================
DAG File Processing Stats

File Path                              PID    Runtime      # DAGs    # Errors  Last Runtime    Last Run
-------------------------------------  -----  ---------  --------  ----------  --------------  -------------------
/opt/airflow/dags/youtube_pipeline.py                           1           0  0.32s           2026-05-13T15:53:20
================================================================================
[2026-05-15T09:11:00.914+0000] {manager.py:470} INFO - Processing files using up to 2 processes at a time 
[2026-05-15T09:11:00.916+0000] {manager.py:471} INFO - Process each file at most once every 30 seconds
[2026-05-15T09:11:00.919+0000] {manager.py:472} INFO - Checking for new files in /opt/airflow/dags every 300 seconds
[2026-05-15T09:11:00.921+0000] {manager.py:737} INFO - Searching for files in /opt/airflow/dags
[2026-05-15T09:11:00.963+0000] {manager.py:740} INFO - There are 1 files in /opt/airflow/dags
[2026-05-15T09:11:07.111+0000] {manager.py:878} INFO - 
================================================================================
DAG File Processing Stats

File Path                              PID    Runtime      # DAGs    # Errors  Last Runtime    Last Run
-------------------------------------  -----  ---------  --------  ----------  --------------  -------------------
/opt/airflow/dags/youtube_pipeline.py                           1           0  0.20s           2026-05-15T09:11:01
================================================================================
[2026-05-15T09:11:37.528+0000] {manager.py:878} INFO - 
================================================================================
DAG File Processing Stats

File Path                              PID    Runtime      # DAGs    # Errors  Last Runtime    Last Run
-------------------------------------  -----  ---------  --------  ----------  --------------  -------------------
/opt/airflow/dags/youtube_pipeline.py                           1           0  0.17s           2026-05-15T09:11:31
================================================================================
[2026-05-15T09:12:07.817+0000] {manager.py:878} INFO - 
================================================================================
DAG File Processing Stats

File Path                              PID    Runtime      # DAGs    # Errors  Last Runtime    Last Run
-------------------------------------  -----  ---------  --------  ----------  --------------  -------------------
/opt/airflow/dags/youtube_pipeline.py                           1           0  0.17s           2026-05-15T09:12:01
================================================================================
[2026-05-15T09:12:38.192+0000] {manager.py:878} INFO - 
================================================================================
DAG File Processing Stats

File Path                              PID    Runtime      # DAGs    # Errors  Last Runtime    Last Run
-------------------------------------  -----  ---------  --------  ----------  --------------  -------------------
/opt/airflow/dags/youtube_pipeline.py                           1           0  0.16s           2026-05-15T09:12:32
================================================================================
[2026-05-15T09:13:08.529+0000] {manager.py:878} INFO - 
================================================================================
DAG File Processing Stats

File Path                              PID    Runtime      # DAGs    # Errors  Last Runtime    Last Run
-------------------------------------  -----  ---------  --------  ----------  --------------  -------------------
/opt/airflow/dags/youtube_pipeline.py                           1           0  0.15s           2026-05-15T09:13:02
================================================================================
[2026-05-15T09:13:38.882+0000] {manager.py:878} INFO - 
================================================================================
DAG File Processing Stats

File Path                              PID    Runtime      # DAGs    # Errors  Last Runtime    Last Run
-------------------------------------  -----  ---------  --------  ----------  --------------  -------------------
/opt/airflow/dags/youtube_pipeline.py                           1           0  0.19s           2026-05-15T09:13:32
================================================================================
[2026-05-15T09:14:09.165+0000] {manager.py:878} INFO - 
================================================================================
DAG File Processing Stats

File Path                              PID    Runtime      # DAGs    # Errors  Last Runtime    Last Run
-------------------------------------  -----  ---------  --------  ----------  --------------  -------------------
/opt/airflow/dags/youtube_pipeline.py                           1           0  0.16s           2026-05-15T09:14:03
================================================================================
[2026-05-15T09:14:39.499+0000] {manager.py:878} INFO - 
================================================================================
DAG File Processing Stats

File Path                              PID    Runtime      # DAGs    # Errors  Last Runtime    Last Run
-------------------------------------  -----  ---------  --------  ----------  --------------  -------------------
/opt/airflow/dags/youtube_pipeline.py                           1           0  0.18s           2026-05-15T09:14:33
================================================================================
[2026-05-15T09:15:09.817+0000] {manager.py:878} INFO - 
================================================================================
DAG File Processing Stats

File Path                              PID    Runtime      # DAGs    # Errors  Last Runtime    Last Run
-------------------------------------  -----  ---------  --------  ----------  --------------  -------------------
/opt/airflow/dags/youtube_pipeline.py                           1           0  0.18s           2026-05-15T09:15:03
================================================================================
[2026-05-15T09:15:40.151+0000] {manager.py:878} INFO - 
================================================================================
DAG File Processing Stats

File Path                              PID    Runtime      # DAGs    # Errors  Last Runtime    Last Run
-------------------------------------  -----  ---------  --------  ----------  --------------  -------------------
/opt/airflow/dags/youtube_pipeline.py                           1           0  0.16s           2026-05-15T09:15:34
================================================================================
[2026-05-15T09:16:01.283+0000] {manager.py:737} INFO - Searching for files in /opt/airflow/dags
[2026-05-15T09:16:01.343+0000] {manager.py:740} INFO - There are 1 files in /opt/airflow/dags
[2026-05-15T09:16:10.451+0000] {manager.py:878} INFO - 
================================================================================
DAG File Processing Stats

File Path                              PID    Runtime      # DAGs    # Errors  Last Runtime    Last Run
-------------------------------------  -----  ---------  --------  ----------  --------------  -------------------
/opt/airflow/dags/youtube_pipeline.py                           1           0  0.16s           2026-05-15T09:16:04
================================================================================
[2026-05-15T09:16:40.763+0000] {manager.py:878} INFO - 
================================================================================
DAG File Processing Stats

File Path                              PID    Runtime      # DAGs    # Errors  Last Runtime    Last Run
-------------------------------------  -----  ---------  --------  ----------  --------------  -------------------
/opt/airflow/dags/youtube_pipeline.py                           1           0  0.17s           2026-05-15T09:16:34
================================================================================
[2026-05-15T09:17:11.020+0000] {manager.py:878} INFO - 
================================================================================
DAG File Processing Stats

File Path                              PID    Runtime      # DAGs    # Errors  Last Runtime    Last Run
-------------------------------------  -----  ---------  --------  ----------  --------------  -------------------
/opt/airflow/dags/youtube_pipeline.py                           1           0  0.26s           2026-05-15T09:17:05
================================================================================
[2026-05-15T09:17:41.481+0000] {manager.py:878} INFO - 
================================================================================
DAG File Processing Stats

File Path                              PID    Runtime      # DAGs    # Errors  Last Runtime    Last Run
-------------------------------------  -----  ---------  --------  ----------  --------------  -------------------
/opt/airflow/dags/youtube_pipeline.py                           1           0  0.16s           2026-05-15T09:17:35
================================================================================
[2026-05-15T09:18:11.776+0000] {manager.py:878} INFO - 
================================================================================
DAG File Processing Stats

File Path                              PID    Runtime      # DAGs    # Errors  Last Runtime    Last Run
-------------------------------------  -----  ---------  --------  ----------  --------------  -------------------
/opt/airflow/dags/youtube_pipeline.py                           1           0  0.14s           2026-05-15T09:18:05
================================================================================
[2026-05-15T09:18:42.097+0000] {manager.py:878} INFO - 
================================================================================
DAG File Processing Stats

File Path                              PID    Runtime      # DAGs    # Errors  Last Runtime    Last Run
-------------------------------------  -----  ---------  --------  ----------  --------------  -------------------
/opt/airflow/dags/youtube_pipeline.py                           1           0  0.15s           2026-05-15T09:18:36
================================================================================
[2026-05-15T09:19:12.358+0000] {manager.py:878} INFO - 
================================================================================
DAG File Processing Stats

File Path                              PID    Runtime      # DAGs    # Errors  Last Runtime    Last Run
-------------------------------------  -----  ---------  --------  ----------  --------------  -------------------
/opt/airflow/dags/youtube_pipeline.py                           1           0  0.14s           2026-05-15T09:19:06
================================================================================
[2026-05-15T09:19:42.695+0000] {manager.py:878} INFO - 
================================================================================
DAG File Processing Stats

File Path                              PID    Runtime      # DAGs    # Errors  Last Runtime    Last Run
-------------------------------------  -----  ---------  --------  ----------  --------------  -------------------
/opt/airflow/dags/youtube_pipeline.py                           1           0  0.15s           2026-05-15T09:19:36
================================================================================
[2026-05-15T09:20:12.951+0000] {manager.py:878} INFO - 
================================================================================
DAG File Processing Stats

File Path                              PID    Runtime      # DAGs    # Errors  Last Runtime    Last Run
-------------------------------------  -----  ---------  --------  ----------  --------------  -------------------
/opt/airflow/dags/youtube_pipeline.py                           1           0  0.15s           2026-05-15T09:20:07
================================================================================
[2026-05-15T09:20:43.316+0000] {manager.py:878} INFO - 
================================================================================
DAG File Processing Stats

File Path                              PID    Runtime      # DAGs    # Errors  Last Runtime    Last Run
-------------------------------------  -----  ---------  --------  ----------  --------------  -------------------
/opt/airflow/dags/youtube_pipeline.py                           1           0  0.34s           2026-05-15T09:20:37
================================================================================
[2026-05-15T09:21:01.575+0000] {manager.py:737} INFO - Searching for files in /opt/airflow/dags
[2026-05-15T09:21:01.875+0000] {manager.py:740} INFO - There are 1 files in /opt/airflow/dags
[2026-05-15T09:21:14.043+0000] {manager.py:878} INFO - 
================================================================================
DAG File Processing Stats

File Path                              PID    Runtime      # DAGs    # Errors  Last Runtime    Last Run
-------------------------------------  -----  ---------  --------  ----------  --------------  -------------------
/opt/airflow/dags/youtube_pipeline.py                           1           0  0.15s           2026-05-15T09:21:08
================================================================================
[2026-05-15T09:21:44.371+0000] {manager.py:878} INFO - 
================================================================================
DAG File Processing Stats

File Path                              PID    Runtime      # DAGs    # Errors  Last Runtime    Last Run
-------------------------------------  -----  ---------  --------  ----------  --------------  -------------------
/opt/airflow/dags/youtube_pipeline.py                           1           0  0.16s           2026-05-15T09:21:38
================================================================================
[2026-05-15T09:22:14.774+0000] {manager.py:878} INFO - 
================================================================================
DAG File Processing Stats

File Path                              PID    Runtime      # DAGs    # Errors  Last Runtime    Last Run
-------------------------------------  -----  ---------  --------  ----------  --------------  -------------------
/opt/airflow/dags/youtube_pipeline.py                           1           0  0.28s           2026-05-15T09:22:08
================================================================================
[2026-05-15T09:22:45.018+0000] {manager.py:878} INFO - 
================================================================================
DAG File Processing Stats

File Path                              PID    Runtime      # DAGs    # Errors  Last Runtime    Last Run
-------------------------------------  -----  ---------  --------  ----------  --------------  -------------------
/opt/airflow/dags/youtube_pipeline.py                           1           0  0.16s           2026-05-15T09:22:39
================================================================================
[2026-05-15T09:23:15.031+0000] {manager.py:878} INFO - 
================================================================================
DAG File Processing Stats

File Path                              PID    Runtime      # DAGs    # Errors  Last Runtime    Last Run
-------------------------------------  -----  ---------  --------  ----------  --------------  -------------------
/opt/airflow/dags/youtube_pipeline.py                           1           0  0.40s           2026-05-15T09:23:09
================================================================================
[2026-05-15T09:23:45.302+0000] {manager.py:878} INFO - 
================================================================================
DAG File Processing Stats

File Path                              PID    Runtime      # DAGs    # Errors  Last Runtime    Last Run
-------------------------------------  -----  ---------  --------  ----------  --------------  -------------------
/opt/airflow/dags/youtube_pipeline.py                           1           0  0.21s           2026-05-15T09:23:40
================================================================================
[2026-05-15T09:24:15.696+0000] {manager.py:878} INFO - 
================================================================================
DAG File Processing Stats

File Path                              PID    Runtime      # DAGs    # Errors  Last Runtime    Last Run
-------------------------------------  -----  ---------  --------  ----------  --------------  -------------------
/opt/airflow/dags/youtube_pipeline.py                           1           0  0.19s           2026-05-15T09:24:10
================================================================================
[2026-05-15T09:24:45.958+0000] {manager.py:878} INFO - 
================================================================================
DAG File Processing Stats

File Path                              PID    Runtime      # DAGs    # Errors  Last Runtime    Last Run
-------------------------------------  -----  ---------  --------  ----------  --------------  -------------------
/opt/airflow/dags/youtube_pipeline.py                           1           0  0.16s           2026-05-15T09:24:41
================================================================================
[2026-05-15T09:25:16.343+0000] {manager.py:878} INFO - 
================================================================================
DAG File Processing Stats

File Path                              PID    Runtime      # DAGs    # Errors  Last Runtime    Last Run
-------------------------------------  -----  ---------  --------  ----------  --------------  -------------------
/opt/airflow/dags/youtube_pipeline.py                           1           0  0.22s           2026-05-15T09:25:11
================================================================================
[2026-05-15T09:25:46.712+0000] {manager.py:878} INFO - 
================================================================================
DAG File Processing Stats

File Path                              PID    Runtime      # DAGs    # Errors  Last Runtime    Last Run
-------------------------------------  -----  ---------  --------  ----------  --------------  -------------------
/opt/airflow/dags/youtube_pipeline.py                           1           0  0.20s           2026-05-15T09:25:41
================================================================================
[2026-05-15T09:26:01.831+0000] {manager.py:737} INFO - Searching for files in /opt/airflow/dags
[2026-05-15T09:26:01.877+0000] {manager.py:740} INFO - There are 1 files in /opt/airflow/dags
[2026-05-15T09:26:17.039+0000] {manager.py:878} INFO - 
================================================================================
DAG File Processing Stats

File Path                              PID    Runtime      # DAGs    # Errors  Last Runtime    Last Run
-------------------------------------  -----  ---------  --------  ----------  --------------  -------------------
/opt/airflow/dags/youtube_pipeline.py                           1           0  0.15s           2026-05-15T09:26:12
================================================================================
[2026-05-15T09:26:47.430+0000] {manager.py:878} INFO - 
================================================================================
DAG File Processing Stats

File Path                              PID    Runtime      # DAGs    # Errors  Last Runtime    Last Run
-------------------------------------  -----  ---------  --------  ----------  --------------  -------------------
/opt/airflow/dags/youtube_pipeline.py                           1           0  0.15s           2026-05-15T09:26:42
================================================================================
[2026-05-15T09:27:17.707+0000] {manager.py:878} INFO - 
================================================================================
DAG File Processing Stats

File Path                              PID    Runtime      # DAGs    # Errors  Last Runtime    Last Run
-------------------------------------  -----  ---------  --------  ----------  --------------  -------------------
/opt/airflow/dags/youtube_pipeline.py                           1           0  0.14s           2026-05-15T09:27:12
================================================================================
[2026-05-15T09:27:48.027+0000] {manager.py:878} INFO - 
================================================================================
DAG File Processing Stats

File Path                              PID    Runtime      # DAGs    # Errors  Last Runtime    Last Run
-------------------------------------  -----  ---------  --------  ----------  --------------  -------------------
/opt/airflow/dags/youtube_pipeline.py                           1           0  0.17s           2026-05-15T09:27:43
================================================================================
[2026-05-15T09:28:18.431+0000] {manager.py:878} INFO - 
================================================================================
DAG File Processing Stats

File Path                              PID    Runtime      # DAGs    # Errors  Last Runtime    Last Run
-------------------------------------  -----  ---------  --------  ----------  --------------  -------------------
/opt/airflow/dags/youtube_pipeline.py                           1           0  0.17s           2026-05-15T09:28:13
================================================================================
[2026-05-15T09:28:48.798+0000] {manager.py:878} INFO - 
================================================================================
DAG File Processing Stats

File Path                              PID    Runtime      # DAGs    # Errors  Last Runtime    Last Run
-------------------------------------  -----  ---------  --------  ----------  --------------  -------------------
/opt/airflow/dags/youtube_pipeline.py                           1           0  0.21s           2026-05-15T09:28:43
================================================================================
[2026-05-15T09:29:19.157+0000] {manager.py:878} INFO - 
================================================================================
DAG File Processing Stats

File Path                              PID    Runtime      # DAGs    # Errors  Last Runtime    Last Run
-------------------------------------  -----  ---------  --------  ----------  --------------  -------------------
/opt/airflow/dags/youtube_pipeline.py                           1           0  0.16s           2026-05-15T09:29:14
================================================================================
[2026-05-15T09:29:49.391+0000] {manager.py:878} INFO - 
================================================================================
DAG File Processing Stats

File Path                              PID    Runtime      # DAGs    # Errors  Last Runtime    Last Run
-------------------------------------  -----  ---------  --------  ----------  --------------  -------------------
/opt/airflow/dags/youtube_pipeline.py                           1           0  0.16s           2026-05-15T09:29:44
================================================================================
[2026-05-15T09:30:19.821+0000] {manager.py:878} INFO - 
================================================================================
DAG File Processing Stats

File Path                              PID    Runtime      # DAGs    # Errors  Last Runtime    Last Run
-------------------------------------  -----  ---------  --------  ----------  --------------  -------------------
/opt/airflow/dags/youtube_pipeline.py                           1           0  0.17s           2026-05-15T09:30:14
================================================================================
[2026-05-15T09:30:50.079+0000] {manager.py:878} INFO - 
================================================================================
DAG File Processing Stats

File Path                              PID    Runtime      # DAGs    # Errors  Last Runtime    Last Run
-------------------------------------  -----  ---------  --------  ----------  --------------  -------------------
/opt/airflow/dags/youtube_pipeline.py                           1           0  0.22s           2026-05-15T09:30:45
================================================================================
[2026-05-15T09:31:02.165+0000] {manager.py:737} INFO - Searching for files in /opt/airflow/dags
[2026-05-15T09:31:02.198+0000] {manager.py:740} INFO - There are 1 files in /opt/airflow/dags
[2026-05-15T09:31:20.481+0000] {manager.py:878} INFO - 
================================================================================
DAG File Processing Stats

File Path                              PID    Runtime      # DAGs    # Errors  Last Runtime    Last Run
-------------------------------------  -----  ---------  --------  ----------  --------------  -------------------
/opt/airflow/dags/youtube_pipeline.py                           1           0  0.20s           2026-05-15T09:31:15
================================================================================
[2026-05-15T09:31:50.787+0000] {manager.py:878} INFO - 
================================================================================
DAG File Processing Stats

File Path                              PID    Runtime      # DAGs    # Errors  Last Runtime    Last Run
-------------------------------------  -----  ---------  --------  ----------  --------------  -------------------
/opt/airflow/dags/youtube_pipeline.py                           1           0  0.15s           2026-05-15T09:31:45
================================================================================
[2026-05-15T09:32:21.186+0000] {manager.py:878} INFO - 
================================================================================
DAG File Processing Stats

File Path                              PID    Runtime      # DAGs    # Errors  Last Runtime    Last Run
-------------------------------------  -----  ---------  --------  ----------  --------------  -------------------
/opt/airflow/dags/youtube_pipeline.py                           1           0  0.18s           2026-05-15T09:32:16
================================================================================
[2026-05-15T09:32:51.622+0000] {manager.py:878} INFO - 
================================================================================
DAG File Processing Stats

File Path                              PID    Runtime      # DAGs    # Errors  Last Runtime    Last Run
-------------------------------------  -----  ---------  --------  ----------  --------------  -------------------
/opt/airflow/dags/youtube_pipeline.py                           1           0  0.23s           2026-05-15T09:32:46
================================================================================
[2026-05-15T09:33:21.862+0000] {manager.py:878} INFO - 
================================================================================
DAG File Processing Stats

File Path                              PID    Runtime      # DAGs    # Errors  Last Runtime    Last Run
-------------------------------------  -----  ---------  --------  ----------  --------------  -------------------
/opt/airflow/dags/youtube_pipeline.py                           1           0  0.14s           2026-05-15T09:33:16
================================================================================
[2026-05-15T09:33:52.263+0000] {manager.py:878} INFO - 
================================================================================
DAG File Processing Stats

File Path                              PID    Runtime      # DAGs    # Errors  Last Runtime    Last Run
-------------------------------------  -----  ---------  --------  ----------  --------------  -------------------
/opt/airflow/dags/youtube_pipeline.py                           1           0  0.18s           2026-05-15T09:33:47
================================================================================
[2026-05-15T09:34:22.517+0000] {manager.py:878} INFO - 
================================================================================
DAG File Processing Stats

File Path                              PID    Runtime      # DAGs    # Errors  Last Runtime    Last Run
-------------------------------------  -----  ---------  --------  ----------  --------------  -------------------
/opt/airflow/dags/youtube_pipeline.py                           1           0  0.14s           2026-05-15T09:34:17
================================================================================
[2026-05-15T09:34:52.847+0000] {manager.py:878} INFO - 
================================================================================
DAG File Processing Stats

File Path                              PID    Runtime      # DAGs    # Errors  Last Runtime    Last Run
-------------------------------------  -----  ---------  --------  ----------  --------------  -------------------
/opt/airflow/dags/youtube_pipeline.py                           1           0  0.15s           2026-05-15T09:34:47
================================================================================
[2026-05-15T09:35:23.040+0000] {manager.py:878} INFO - 
================================================================================
DAG File Processing Stats

File Path                              PID    Runtime      # DAGs    # Errors  Last Runtime    Last Run
-------------------------------------  -----  ---------  --------  ----------  --------------  -------------------
/opt/airflow/dags/youtube_pipeline.py                           1           0  0.14s           2026-05-15T09:35:18
================================================================================
[2026-05-15T09:35:53.335+0000] {manager.py:878} INFO - 
================================================================================
DAG File Processing Stats

File Path                              PID    Runtime      # DAGs    # Errors  Last Runtime    Last Run
-------------------------------------  -----  ---------  --------  ----------  --------------  -------------------
/opt/airflow/dags/youtube_pipeline.py                           1           0  0.15s           2026-05-15T09:35:48
================================================================================
[2026-05-15T09:36:02.406+0000] {manager.py:737} INFO - Searching for files in /opt/airflow/dags
[2026-05-15T09:36:02.437+0000] {manager.py:740} INFO - There are 1 files in /opt/airflow/dags
[2026-05-15T09:36:23.646+0000] {manager.py:878} INFO - 
================================================================================
DAG File Processing Stats

File Path                              PID    Runtime      # DAGs    # Errors  Last Runtime    Last Run
-------------------------------------  -----  ---------  --------  ----------  --------------  -------------------
/opt/airflow/dags/youtube_pipeline.py                           1           0  0.15s           2026-05-15T09:36:18
================================================================================
[2026-05-15T09:36:54.001+0000] {manager.py:878} INFO - 
================================================================================
DAG File Processing Stats

File Path                              PID    Runtime      # DAGs    # Errors  Last Runtime    Last Run
-------------------------------------  -----  ---------  --------  ----------  --------------  -------------------
/opt/airflow/dags/youtube_pipeline.py                           1           0  0.20s           2026-05-15T09:36:49
================================================================================
[2026-05-15T09:37:24.374+0000] {manager.py:878} INFO - 
================================================================================
DAG File Processing Stats

File Path                              PID    Runtime      # DAGs    # Errors  Last Runtime    Last Run
-------------------------------------  -----  ---------  --------  ----------  --------------  -------------------
/opt/airflow/dags/youtube_pipeline.py                           1           0  0.20s           2026-05-15T09:37:19
================================================================================
[2026-05-15T09:37:54.717+0000] {manager.py:878} INFO - 
================================================================================
DAG File Processing Stats

File Path                              PID    Runtime      # DAGs    # Errors  Last Runtime    Last Run
-------------------------------------  -----  ---------  --------  ----------  --------------  -------------------
/opt/airflow/dags/youtube_pipeline.py                           1           0  0.39s           2026-05-15T09:37:50
================================================================================
[2026-05-15T09:38:25.317+0000] {manager.py:878} INFO - 
================================================================================
DAG File Processing Stats

File Path                              PID    Runtime      # DAGs    # Errors  Last Runtime    Last Run
-------------------------------------  -----  ---------  --------  ----------  --------------  -------------------
/opt/airflow/dags/youtube_pipeline.py                           1           0  0.15s           2026-05-15T09:38:20
================================================================================
[2026-05-15T09:38:55.587+0000] {manager.py:878} INFO - 
================================================================================
DAG File Processing Stats

File Path                              PID    Runtime      # DAGs    # Errors  Last Runtime    Last Run
-------------------------------------  -----  ---------  --------  ----------  --------------  -------------------
/opt/airflow/dags/youtube_pipeline.py                           1           0  0.23s           2026-05-15T09:38:50
================================================================================
[2026-05-15T09:39:25.843+0000] {manager.py:878} INFO - 
================================================================================
DAG File Processing Stats

File Path                              PID    Runtime      # DAGs    # Errors  Last Runtime    Last Run
-------------------------------------  -----  ---------  --------  ----------  --------------  -------------------
/opt/airflow/dags/youtube_pipeline.py                           1           0  0.16s           2026-05-15T09:39:20
================================================================================
[2026-05-15T09:39:56.271+0000] {manager.py:878} INFO - 
================================================================================
DAG File Processing Stats

File Path                              PID    Runtime      # DAGs    # Errors  Last Runtime    Last Run
-------------------------------------  -----  ---------  --------  ----------  --------------  -------------------
/opt/airflow/dags/youtube_pipeline.py                           1           0  0.22s           2026-05-15T09:39:51
================================================================================
[2026-05-15T09:40:26.548+0000] {manager.py:878} INFO - 
================================================================================
DAG File Processing Stats

File Path                              PID    Runtime      # DAGs    # Errors  Last Runtime    Last Run
-------------------------------------  -----  ---------  --------  ----------  --------------  -------------------
/opt/airflow/dags/youtube_pipeline.py                           1           0  0.17s           2026-05-15T09:40:21
================================================================================
[2026-05-15T09:40:56.965+0000] {manager.py:878} INFO - 
================================================================================
DAG File Processing Stats

File Path                              PID    Runtime      # DAGs    # Errors  Last Runtime    Last Run
-------------------------------------  -----  ---------  --------  ----------  --------------  -------------------
/opt/airflow/dags/youtube_pipeline.py                           1           0  0.15s           2026-05-15T09:40:52
================================================================================
[2026-05-15T09:41:03.020+0000] {manager.py:737} INFO - Searching for files in /opt/airflow/dags
[2026-05-15T09:41:03.061+0000] {manager.py:740} INFO - There are 1 files in /opt/airflow/dags
[2026-05-15T09:41:27.270+0000] {manager.py:878} INFO - 
================================================================================
DAG File Processing Stats

File Path                              PID    Runtime      # DAGs    # Errors  Last Runtime    Last Run
-------------------------------------  -----  ---------  --------  ----------  --------------  -------------------
/opt/airflow/dags/youtube_pipeline.py                           1           0  0.16s           2026-05-15T09:41:22
================================================================================
[2026-05-15T09:41:57.504+0000] {manager.py:878} INFO - 
================================================================================
DAG File Processing Stats

File Path                              PID    Runtime      # DAGs    # Errors  Last Runtime    Last Run
-------------------------------------  -----  ---------  --------  ----------  --------------  -------------------
/opt/airflow/dags/youtube_pipeline.py                           1           0  0.14s           2026-05-15T09:41:52
================================================================================
[2026-05-15T09:42:27.869+0000] {manager.py:878} INFO - 
================================================================================
DAG File Processing Stats

File Path                              PID    Runtime      # DAGs    # Errors  Last Runtime    Last Run
-------------------------------------  -----  ---------  --------  ----------  --------------  -------------------
/opt/airflow/dags/youtube_pipeline.py                           1           0  0.16s           2026-05-15T09:42:22
================================================================================
[2026-05-15T09:42:58.136+0000] {manager.py:878} INFO - 
================================================================================
DAG File Processing Stats

File Path                              PID    Runtime      # DAGs    # Errors  Last Runtime    Last Run
-------------------------------------  -----  ---------  --------  ----------  --------------  -------------------
/opt/airflow/dags/youtube_pipeline.py                           1           0  0.27s           2026-05-15T09:42:53
================================================================================
[2026-05-15T09:43:28.661+0000] {manager.py:878} INFO - 
================================================================================
DAG File Processing Stats

File Path                              PID    Runtime      # DAGs    # Errors  Last Runtime    Last Run
-------------------------------------  -----  ---------  --------  ----------  --------------  -------------------
/opt/airflow/dags/youtube_pipeline.py                           1           0  0.20s           2026-05-15T09:43:23
================================================================================
[2026-05-15T09:43:59.116+0000] {manager.py:878} INFO - 
================================================================================
DAG File Processing Stats

File Path                              PID    Runtime      # DAGs    # Errors  Last Runtime    Last Run
-------------------------------------  -----  ---------  --------  ----------  --------------  -------------------
/opt/airflow/dags/youtube_pipeline.py                           1           0  0.16s           2026-05-15T09:43:54
================================================================================
[2026-05-15T09:44:29.420+0000] {manager.py:878} INFO - 
================================================================================
DAG File Processing Stats

File Path                              PID    Runtime      # DAGs    # Errors  Last Runtime    Last Run
-------------------------------------  -----  ---------  --------  ----------  --------------  -------------------
/opt/airflow/dags/youtube_pipeline.py                           1           0  0.21s           2026-05-15T09:44:24
================================================================================
[2026-05-15T09:44:59.831+0000] {manager.py:878} INFO - 
================================================================================
DAG File Processing Stats

File Path                              PID    Runtime      # DAGs    # Errors  Last Runtime    Last Run
-------------------------------------  -----  ---------  --------  ----------  --------------  -------------------
/opt/airflow/dags/youtube_pipeline.py                           1           0  0.20s           2026-05-15T09:44:54
================================================================================
[2026-05-15T09:45:30.171+0000] {manager.py:878} INFO - 
================================================================================
DAG File Processing Stats

File Path                              PID    Runtime      # DAGs    # Errors  Last Runtime    Last Run
-------------------------------------  -----  ---------  --------  ----------  --------------  -------------------
/opt/airflow/dags/youtube_pipeline.py                           1           0  0.16s           2026-05-15T09:45:25
================================================================================
[2026-05-15T09:46:00.520+0000] {manager.py:878} INFO - 
================================================================================
DAG File Processing Stats

File Path                              PID    Runtime      # DAGs    # Errors  Last Runtime    Last Run
-------------------------------------  -----  ---------  --------  ----------  --------------  -------------------
/opt/airflow/dags/youtube_pipeline.py                           1           0  0.18s           2026-05-15T09:45:55
================================================================================
[2026-05-15T09:46:03.545+0000] {manager.py:737} INFO - Searching for files in /opt/airflow/dags
[2026-05-15T09:46:03.598+0000] {manager.py:740} INFO - There are 1 files in /opt/airflow/dags
[2026-05-15T09:46:30.845+0000] {manager.py:878} INFO - 
================================================================================
DAG File Processing Stats

File Path                              PID    Runtime      # DAGs    # Errors  Last Runtime    Last Run
-------------------------------------  -----  ---------  --------  ----------  --------------  -------------------
/opt/airflow/dags/youtube_pipeline.py                           1           0  0.18s           2026-05-15T09:46:25
================================================================================
[2026-05-15T09:47:01.261+0000] {manager.py:878} INFO - 
================================================================================
DAG File Processing Stats

File Path                              PID    Runtime      # DAGs    # Errors  Last Runtime    Last Run
-------------------------------------  -----  ---------  --------  ----------  --------------  -------------------
/opt/airflow/dags/youtube_pipeline.py                           0           1  0.16s           2026-05-15T09:46:34
================================================================================
[2026-05-15T09:47:31.548+0000] {manager.py:878} INFO - 
================================================================================
DAG File Processing Stats

File Path                              PID    Runtime      # DAGs    # Errors  Last Runtime    Last Run
-------------------------------------  -----  ---------  --------  ----------  --------------  -------------------
/opt/airflow/dags/youtube_pipeline.py                           0           1  0.16s           2026-05-15T09:47:03
================================================================================
[2026-05-15T09:48:01.832+0000] {manager.py:878} INFO - 
================================================================================
DAG File Processing Stats

File Path                              PID    Runtime      # DAGs    # Errors  Last Runtime    Last Run
-------------------------------------  -----  ---------  --------  ----------  --------------  -------------------
/opt/airflow/dags/youtube_pipeline.py                           0           1  0.11s           2026-05-15T09:47:55
================================================================================
[2026-05-15T09:48:32.131+0000] {manager.py:878} INFO - 
================================================================================
DAG File Processing Stats

File Path                              PID    Runtime      # DAGs    # Errors  Last Runtime    Last Run
-------------------------------------  -----  ---------  --------  ----------  --------------  -------------------
/opt/airflow/dags/youtube_pipeline.py                           0           1  0.10s           2026-05-15T09:48:26
================================================================================
[2026-05-15T09:49:02.394+0000] {manager.py:878} INFO - 
================================================================================
DAG File Processing Stats

File Path                              PID    Runtime      # DAGs    # Errors  Last Runtime    Last Run
-------------------------------------  -----  ---------  --------  ----------  --------------  -------------------
/opt/airflow/dags/youtube_pipeline.py                           0           1  0.10s           2026-05-15T09:48:56
================================================================================
[2026-05-15T09:49:32.720+0000] {manager.py:878} INFO - 
================================================================================
DAG File Processing Stats

File Path                              PID    Runtime      # DAGs    # Errors  Last Runtime    Last Run
-------------------------------------  -----  ---------  --------  ----------  --------------  -------------------
/opt/airflow/dags/youtube_pipeline.py                           0           1  0.10s           2026-05-15T09:49:26
================================================================================
[2026-05-15T09:50:03.027+0000] {manager.py:878} INFO - 
================================================================================
DAG File Processing Stats

File Path                              PID    Runtime      # DAGs    # Errors  Last Runtime    Last Run
-------------------------------------  -----  ---------  --------  ----------  --------------  -------------------
/opt/airflow/dags/youtube_pipeline.py                           1           0  0.44s           2026-05-15T09:49:48
================================================================================
[2026-05-15T09:50:33.166+0000] {manager.py:878} INFO - 
================================================================================
DAG File Processing Stats

File Path                              PID    Runtime      # DAGs    # Errors  Last Runtime    Last Run
-------------------------------------  -----  ---------  --------  ----------  --------------  -------------------
/opt/airflow/dags/youtube_pipeline.py                           1           0  0.18s           2026-05-15T09:50:19
================================================================================
[2026-05-15T09:51:03.383+0000] {manager.py:878} INFO - 
================================================================================
DAG File Processing Stats

File Path                              PID    Runtime      # DAGs    # Errors  Last Runtime    Last Run
-------------------------------------  -----  ---------  --------  ----------  --------------  -------------------
/opt/airflow/dags/youtube_pipeline.py                           1           0  0.16s           2026-05-15T09:50:49
================================================================================
[2026-05-15T09:51:04.389+0000] {manager.py:737} INFO - Searching for files in /opt/airflow/dags
[2026-05-15T09:51:04.426+0000] {manager.py:740} INFO - There are 1 files in /opt/airflow/dags
[2026-05-15T09:51:33.780+0000] {manager.py:878} INFO - 
================================================================================
DAG File Processing Stats

File Path                              PID    Runtime      # DAGs    # Errors  Last Runtime    Last Run
-------------------------------------  -----  ---------  --------  ----------  --------------  -------------------
/opt/airflow/dags/youtube_pipeline.py                           1           0  0.17s           2026-05-15T09:51:19
================================================================================
[2026-05-15T09:52:04.057+0000] {manager.py:878} INFO - 
================================================================================
DAG File Processing Stats

File Path                              PID    Runtime      # DAGs    # Errors  Last Runtime    Last Run
-------------------------------------  -----  ---------  --------  ----------  --------------  -------------------
/opt/airflow/dags/youtube_pipeline.py                           1           0  0.17s           2026-05-15T09:51:50
================================================================================
[2026-05-15T09:52:34.412+0000] {manager.py:878} INFO - 
================================================================================
DAG File Processing Stats

File Path                              PID    Runtime      # DAGs    # Errors  Last Runtime    Last Run
-------------------------------------  -----  ---------  --------  ----------  --------------  -------------------
/opt/airflow/dags/youtube_pipeline.py                           1           0  0.16s           2026-05-15T09:52:20
================================================================================
[2026-05-15T09:53:04.757+0000] {manager.py:878} INFO - 
================================================================================
DAG File Processing Stats

File Path                              PID    Runtime      # DAGs    # Errors  Last Runtime    Last Run
-------------------------------------  -----  ---------  --------  ----------  --------------  -------------------
/opt/airflow/dags/youtube_pipeline.py                           1           0  0.20s           2026-05-15T09:52:50
================================================================================
[2026-05-15T09:53:35.053+0000] {manager.py:878} INFO - 
================================================================================
DAG File Processing Stats

File Path                              PID    Runtime      # DAGs    # Errors  Last Runtime    Last Run
-------------------------------------  -----  ---------  --------  ----------  --------------  -------------------
/opt/airflow/dags/youtube_pipeline.py                           1           0  0.16s           2026-05-15T09:53:21
================================================================================
[2026-05-15T09:54:05.355+0000] {manager.py:878} INFO - 
================================================================================
DAG File Processing Stats

File Path                              PID    Runtime      # DAGs    # Errors  Last Runtime    Last Run
-------------------------------------  -----  ---------  --------  ----------  --------------  -------------------
/opt/airflow/dags/youtube_pipeline.py                           1           0  0.16s           2026-05-15T09:53:51
================================================================================
[2026-05-15T09:54:35.653+0000] {manager.py:878} INFO - 
================================================================================
DAG File Processing Stats

File Path                              PID    Runtime      # DAGs    # Errors  Last Runtime    Last Run
-------------------------------------  -----  ---------  --------  ----------  --------------  -------------------
/opt/airflow/dags/youtube_pipeline.py                           1           0  0.17s           2026-05-15T09:54:21
================================================================================
[2026-05-15T09:55:06.008+0000] {manager.py:878} INFO - 
================================================================================
DAG File Processing Stats

File Path                              PID    Runtime      # DAGs    # Errors  Last Runtime    Last Run
-------------------------------------  -----  ---------  --------  ----------  --------------  -------------------
/opt/airflow/dags/youtube_pipeline.py                           1           0  0.23s           2026-05-15T09:54:52
================================================================================
[2026-05-15T09:55:36.245+0000] {manager.py:878} INFO - 
================================================================================
DAG File Processing Stats

File Path                              PID    Runtime      # DAGs    # Errors  Last Runtime    Last Run
-------------------------------------  -----  ---------  --------  ----------  --------------  -------------------
/opt/airflow/dags/youtube_pipeline.py                           1           0  0.16s           2026-05-15T09:55:22
================================================================================
[2026-05-15T09:56:04.607+0000] {manager.py:737} INFO - Searching for files in /opt/airflow/dags
[2026-05-15T09:56:04.674+0000] {manager.py:740} INFO - There are 1 files in /opt/airflow/dags
[2026-05-15T09:56:06.715+0000] {manager.py:878} INFO - 
================================================================================
DAG File Processing Stats

File Path                              PID    Runtime      # DAGs    # Errors  Last Runtime    Last Run
-------------------------------------  -----  ---------  --------  ----------  --------------  -------------------
/opt/airflow/dags/youtube_pipeline.py                           1           0  0.16s           2026-05-15T09:55:52
================================================================================
[2026-05-15T09:56:37.204+0000] {manager.py:878} INFO - 
================================================================================
DAG File Processing Stats

File Path                              PID    Runtime      # DAGs    # Errors  Last Runtime    Last Run
-------------------------------------  -----  ---------  --------  ----------  --------------  -------------------
/opt/airflow/dags/youtube_pipeline.py                           0           1  0.16s           2026-05-15T09:56:25
================================================================================
[2026-05-15T09:57:07.541+0000] {manager.py:878} INFO - 
================================================================================
DAG File Processing Stats

File Path                              PID    Runtime      # DAGs    # Errors  Last Runtime    Last Run
-------------------------------------  -----  ---------  --------  ----------  --------------  -------------------
/opt/airflow/dags/youtube_pipeline.py                           0           1  0.17s           2026-05-15T09:56:55
================================================================================
[2026-05-15T09:57:37.936+0000] {manager.py:878} INFO - 
================================================================================
DAG File Processing Stats

File Path                              PID    Runtime      # DAGs    # Errors  Last Runtime    Last Run
-------------------------------------  -----  ---------  --------  ----------  --------------  -------------------
/opt/airflow/dags/youtube_pipeline.py                           1           0  0.20s           2026-05-15T09:57:24
================================================================================
[2026-05-15T09:58:08.206+0000] {manager.py:878} INFO - 
================================================================================
DAG File Processing Stats

File Path                              PID    Runtime      # DAGs    # Errors  Last Runtime    Last Run
-------------------------------------  -----  ---------  --------  ----------  --------------  -------------------
/opt/airflow/dags/youtube_pipeline.py                           1           0  0.90s           2026-05-15T09:58:03
================================================================================
[2026-05-15T09:58:38.664+0000] {manager.py:878} INFO - 
================================================================================
DAG File Processing Stats

File Path                              PID    Runtime      # DAGs    # Errors  Last Runtime    Last Run
-------------------------------------  -----  ---------  --------  ----------  --------------  -------------------
/opt/airflow/dags/youtube_pipeline.py                           1           0  0.58s           2026-05-15T09:58:21
================================================================================
[2026-05-15T09:59:08.888+0000] {manager.py:878} INFO - 
================================================================================
DAG File Processing Stats

File Path                              PID    Runtime      # DAGs    # Errors  Last Runtime    Last Run
-------------------------------------  -----  ---------  --------  ----------  --------------  -------------------
/opt/airflow/dags/youtube_pipeline.py                           1           0  0.73s           2026-05-15T09:58:53
================================================================================
[2026-05-15T09:59:39.330+0000] {manager.py:878} INFO - 
================================================================================
DAG File Processing Stats

File Path                              PID    Runtime      # DAGs    # Errors  Last Runtime    Last Run
-------------------------------------  -----  ---------  --------  ----------  --------------  -------------------
/opt/airflow/dags/youtube_pipeline.py                           1           0  0.65s           2026-05-15T09:59:24
================================================================================
[2026-05-15T10:00:09.599+0000] {manager.py:878} INFO - 
================================================================================
DAG File Processing Stats

File Path                              PID    Runtime      # DAGs    # Errors  Last Runtime    Last Run
-------------------------------------  -----  ---------  --------  ----------  --------------  -------------------
/opt/airflow/dags/youtube_pipeline.py                           1           0  0.70s           2026-05-15T09:59:55
================================================================================
[2026-05-15T10:00:39.835+0000] {manager.py:878} INFO - 
================================================================================
DAG File Processing Stats

File Path                              PID    Runtime      # DAGs    # Errors  Last Runtime    Last Run
-------------------------------------  -----  ---------  --------  ----------  --------------  -------------------
/opt/airflow/dags/youtube_pipeline.py                           1           0  0.46s           2026-05-15T10:00:25
================================================================================
[2026-05-15T10:01:05.210+0000] {manager.py:737} INFO - Searching for files in /opt/airflow/dags
[2026-05-15T10:01:05.247+0000] {manager.py:740} INFO - There are 1 files in /opt/airflow/dags
[2026-05-15T10:01:10.302+0000] {manager.py:878} INFO - 
================================================================================
DAG File Processing Stats

File Path                              PID    Runtime      # DAGs    # Errors  Last Runtime    Last Run
-------------------------------------  -----  ---------  --------  ----------  --------------  -------------------
/opt/airflow/dags/youtube_pipeline.py                           1           0  0.45s           2026-05-15T10:00:56
================================================================================
[2026-05-15T10:01:40.467+0000] {manager.py:878} INFO - 
================================================================================
DAG File Processing Stats

File Path                              PID    Runtime      # DAGs    # Errors  Last Runtime    Last Run
-------------------------------------  -----  ---------  --------  ----------  --------------  -------------------
/opt/airflow/dags/youtube_pipeline.py                           1           0  0.62s           2026-05-15T10:01:27
================================================================================
[2026-05-15T10:02:11.069+0000] {manager.py:878} INFO - 
================================================================================
DAG File Processing Stats

File Path                              PID    Runtime      # DAGs    # Errors  Last Runtime    Last Run
-------------------------------------  -----  ---------  --------  ----------  --------------  -------------------
/opt/airflow/dags/youtube_pipeline.py                           1           0  0.62s           2026-05-15T10:01:58
================================================================================
[2026-05-15T10:02:41.315+0000] {manager.py:878} INFO - 
================================================================================
DAG File Processing Stats

File Path                              PID    Runtime      # DAGs    # Errors  Last Runtime    Last Run
-------------------------------------  -----  ---------  --------  ----------  --------------  -------------------
/opt/airflow/dags/youtube_pipeline.py                           1           0  0.84s           2026-05-15T10:02:29
================================================================================
[2026-05-15T10:03:11.492+0000] {manager.py:878} INFO - 
================================================================================
DAG File Processing Stats

File Path                              PID    Runtime      # DAGs    # Errors  Last Runtime    Last Run
-------------------------------------  -----  ---------  --------  ----------  --------------  -------------------
/opt/airflow/dags/youtube_pipeline.py                           1           0  0.64s           2026-05-15T10:03:00
================================================================================
[2026-05-15T10:03:42.110+0000] {manager.py:878} INFO - 
================================================================================
DAG File Processing Stats

File Path                              PID    Runtime      # DAGs    # Errors  Last Runtime    Last Run
-------------------------------------  -----  ---------  --------  ----------  --------------  -------------------
/opt/airflow/dags/youtube_pipeline.py                           1           0  0.52s           2026-05-15T10:03:31
================================================================================
[2026-05-15T10:04:12.569+0000] {manager.py:878} INFO - 
================================================================================
DAG File Processing Stats

File Path                              PID    Runtime      # DAGs    # Errors  Last Runtime    Last Run
-------------------------------------  -----  ---------  --------  ----------  --------------  -------------------
/opt/airflow/dags/youtube_pipeline.py                           1           0  0.47s           2026-05-15T10:04:01
================================================================================
[2026-05-15T10:04:42.709+0000] {manager.py:878} INFO - 
================================================================================
DAG File Processing Stats

File Path                              PID    Runtime      # DAGs    # Errors  Last Runtime    Last Run
-------------------------------------  -----  ---------  --------  ----------  --------------  -------------------
/opt/airflow/dags/youtube_pipeline.py                           1           0  0.64s           2026-05-15T10:04:32
================================================================================
[2026-05-15T10:05:13.275+0000] {manager.py:878} INFO - 
================================================================================
DAG File Processing Stats

File Path                              PID    Runtime      # DAGs    # Errors  Last Runtime    Last Run
-------------------------------------  -----  ---------  --------  ----------  --------------  -------------------
/opt/airflow/dags/youtube_pipeline.py                           1           0  0.64s           2026-05-15T10:05:03
================================================================================
[2026-05-15T10:05:43.483+0000] {manager.py:878} INFO - 
================================================================================
DAG File Processing Stats

File Path                              PID    Runtime      # DAGs    # Errors  Last Runtime    Last Run
-------------------------------------  -----  ---------  --------  ----------  --------------  -------------------
/opt/airflow/dags/youtube_pipeline.py                           1           0  0.60s           2026-05-15T10:05:34
================================================================================
[2026-05-15T10:06:06.071+0000] {manager.py:737} INFO - Searching for files in /opt/airflow/dags
[2026-05-15T10:06:06.104+0000] {manager.py:740} INFO - There are 1 files in /opt/airflow/dags
[2026-05-15T10:06:14.184+0000] {manager.py:878} INFO - 
================================================================================
DAG File Processing Stats

File Path                              PID    Runtime      # DAGs    # Errors  Last Runtime    Last Run
-------------------------------------  -----  ---------  --------  ----------  --------------  -------------------
/opt/airflow/dags/youtube_pipeline.py                           1           0  0.47s           2026-05-15T10:06:05
================================================================================
[2026-05-15T10:06:44.463+0000] {manager.py:878} INFO - 
================================================================================
DAG File Processing Stats

File Path                              PID    Runtime      # DAGs    # Errors  Last Runtime    Last Run
-------------------------------------  -----  ---------  --------  ----------  --------------  -------------------
/opt/airflow/dags/youtube_pipeline.py                           1           0  0.51s           2026-05-15T10:06:35
================================================================================
[2026-05-15T10:07:14.686+0000] {manager.py:878} INFO - 
================================================================================
DAG File Processing Stats

File Path                              PID    Runtime      # DAGs    # Errors  Last Runtime    Last Run
-------------------------------------  -----  ---------  --------  ----------  --------------  -------------------
/opt/airflow/dags/youtube_pipeline.py                           1           0  0.58s           2026-05-15T10:07:06
================================================================================
[2026-05-15T10:07:45.064+0000] {manager.py:878} INFO - 
================================================================================
DAG File Processing Stats

File Path                              PID    Runtime      # DAGs    # Errors  Last Runtime    Last Run
-------------------------------------  -----  ---------  --------  ----------  --------------  -------------------
/opt/airflow/dags/youtube_pipeline.py                           1           0  0.60s           2026-05-15T10:07:37
================================================================================
[2026-05-15T10:08:15.271+0000] {manager.py:878} INFO - 
================================================================================
DAG File Processing Stats

File Path                              PID    Runtime      # DAGs    # Errors  Last Runtime    Last Run
-------------------------------------  -----  ---------  --------  ----------  --------------  -------------------
/opt/airflow/dags/youtube_pipeline.py                           1           0  0.71s           2026-05-15T10:08:08
================================================================================
[2026-05-15T10:08:45.475+0000] {manager.py:878} INFO - 
================================================================================
DAG File Processing Stats

File Path                              PID    Runtime      # DAGs    # Errors  Last Runtime    Last Run
-------------------------------------  -----  ---------  --------  ----------  --------------  -------------------
/opt/airflow/dags/youtube_pipeline.py                           1           0  0.66s           2026-05-15T10:08:39
================================================================================
[2026-05-15T10:09:16.024+0000] {manager.py:878} INFO - 
================================================================================
DAG File Processing Stats

File Path                              PID    Runtime      # DAGs    # Errors  Last Runtime    Last Run
-------------------------------------  -----  ---------  --------  ----------  --------------  -------------------
/opt/airflow/dags/youtube_pipeline.py                           1           0  0.49s           2026-05-15T10:09:10
================================================================================
[2026-05-15T10:09:46.381+0000] {manager.py:878} INFO - 
================================================================================
DAG File Processing Stats

File Path                              PID    Runtime      # DAGs    # Errors  Last Runtime    Last Run
-------------------------------------  -----  ---------  --------  ----------  --------------  -------------------
/opt/airflow/dags/youtube_pipeline.py                           1           0  0.45s           2026-05-15T10:09:40
================================================================================
[2026-05-15T10:10:16.632+0000] {manager.py:878} INFO - 
================================================================================
DAG File Processing Stats

File Path                              PID    Runtime      # DAGs    # Errors  Last Runtime    Last Run
-------------------------------------  -----  ---------  --------  ----------  --------------  -------------------
/opt/airflow/dags/youtube_pipeline.py                           1           0  0.72s           2026-05-15T10:10:11
================================================================================
[2026-05-15T10:10:46.678+0000] {manager.py:878} INFO - 
================================================================================
DAG File Processing Stats

File Path                              PID    Runtime      # DAGs    # Errors  Last Runtime    Last Run
-------------------------------------  -----  ---------  --------  ----------  --------------  -------------------
/opt/airflow/dags/youtube_pipeline.py                           1           0  0.72s           2026-05-15T10:10:42
================================================================================
[2026-05-15T10:11:06.103+0000] {manager.py:737} INFO - Searching for files in /opt/airflow/dags
[2026-05-15T10:11:06.152+0000] {manager.py:740} INFO - There are 1 files in /opt/airflow/dags
[2026-05-15T10:11:17.267+0000] {manager.py:878} INFO - 
================================================================================
DAG File Processing Stats

File Path                              PID    Runtime      # DAGs    # Errors  Last Runtime    Last Run
-------------------------------------  -----  ---------  --------  ----------  --------------  -------------------
/opt/airflow/dags/youtube_pipeline.py                           1           0  0.69s           2026-05-15T10:11:13
================================================================================
[2026-05-15T10:11:47.544+0000] {manager.py:878} INFO - 
================================================================================
DAG File Processing Stats

File Path                              PID    Runtime      # DAGs    # Errors  Last Runtime    Last Run
-------------------------------------  -----  ---------  --------  ----------  --------------  -------------------
/opt/airflow/dags/youtube_pipeline.py                           1           0  0.68s           2026-05-15T10:11:44
================================================================================
[2026-05-15T10:12:18.034+0000] {manager.py:878} INFO - 
================================================================================
DAG File Processing Stats

File Path                              PID    Runtime      # DAGs    # Errors  Last Runtime    Last Run
-------------------------------------  -----  ---------  --------  ----------  --------------  -------------------
/opt/airflow/dags/youtube_pipeline.py                           1           0  0.47s           2026-05-15T10:12:15
================================================================================
[2026-05-15T10:12:48.485+0000] {manager.py:878} INFO - 
================================================================================
DAG File Processing Stats

File Path                              PID    Runtime      # DAGs    # Errors  Last Runtime    Last Run
-------------------------------------  -----  ---------  --------  ----------  --------------  -------------------
/opt/airflow/dags/youtube_pipeline.py                           1           0  0.54s           2026-05-15T10:12:45
================================================================================
[2026-05-15T10:13:18.705+0000] {manager.py:878} INFO - 
================================================================================
DAG File Processing Stats

File Path                              PID    Runtime      # DAGs    # Errors  Last Runtime    Last Run
-------------------------------------  -----  ---------  --------  ----------  --------------  -------------------
/opt/airflow/dags/youtube_pipeline.py                           1           0  0.64s           2026-05-15T10:13:16
================================================================================
[2026-05-15T10:13:49.030+0000] {manager.py:878} INFO - 
================================================================================
DAG File Processing Stats

File Path                              PID    Runtime      # DAGs    # Errors  Last Runtime    Last Run
-------------------------------------  -----  ---------  --------  ----------  --------------  -------------------
/opt/airflow/dags/youtube_pipeline.py                           1           0  0.98s           2026-05-15T10:13:48
================================================================================
[2026-05-15T10:14:19.295+0000] {manager.py:878} INFO - 
================================================================================
DAG File Processing Stats

File Path                              PID    Runtime      # DAGs    # Errors  Last Runtime    Last Run
-------------------------------------  -----  ---------  --------  ----------  --------------  -------------------
/opt/airflow/dags/youtube_pipeline.py                           1           0  0.65s           2026-05-15T10:14:18
================================================================================
[2026-05-15T10:14:49.521+0000] {manager.py:878} INFO - 
================================================================================
DAG File Processing Stats

File Path                                PID  Runtime      # DAGs    # Errors  Last Runtime    Last Run
-------------------------------------  -----  ---------  --------  ----------  --------------  -------------------
/opt/airflow/dags/youtube_pipeline.py   1098  0.37s             1           0  0.65s           2026-05-15T10:14:18
================================================================================
[2026-05-15T10:15:19.811+0000] {manager.py:878} INFO - 
================================================================================
DAG File Processing Stats

File Path                                PID  Runtime      # DAGs    # Errors  Last Runtime    Last Run
-------------------------------------  -----  ---------  --------  ----------  --------------  -------------------
/opt/airflow/dags/youtube_pipeline.py   1109  0.00s             1           0  0.63s           2026-05-15T10:14:49
================================================================================
[2026-05-15T10:15:50.229+0000] {manager.py:878} INFO - 
================================================================================
DAG File Processing Stats

File Path                              PID    Runtime      # DAGs    # Errors  Last Runtime    Last Run
-------------------------------------  -----  ---------  --------  ----------  --------------  -------------------
/opt/airflow/dags/youtube_pipeline.py                           1           0  0.49s           2026-05-15T10:15:20
================================================================================
[2026-05-15T10:16:06.309+0000] {manager.py:737} INFO - Searching for files in /opt/airflow/dags
[2026-05-15T10:16:06.340+0000] {manager.py:740} INFO - There are 1 files in /opt/airflow/dags
[2026-05-15T10:16:20.455+0000] {manager.py:878} INFO - 
================================================================================
DAG File Processing Stats

File Path                              PID    Runtime      # DAGs    # Errors  Last Runtime    Last Run
-------------------------------------  -----  ---------  --------  ----------  --------------  -------------------
/opt/airflow/dags/youtube_pipeline.py                           1           0  0.64s           2026-05-15T10:15:51
================================================================================
[2026-05-15T10:16:50.985+0000] {manager.py:878} INFO - 
================================================================================
DAG File Processing Stats

File Path                              PID    Runtime      # DAGs    # Errors  Last Runtime    Last Run
-------------------------------------  -----  ---------  --------  ----------  --------------  -------------------
/opt/airflow/dags/youtube_pipeline.py                           1           0  0.59s           2026-05-15T10:16:22
================================================================================
[2026-05-15T10:17:21.159+0000] {manager.py:878} INFO - 
================================================================================
DAG File Processing Stats

File Path                              PID    Runtime      # DAGs    # Errors  Last Runtime    Last Run
-------------------------------------  -----  ---------  --------  ----------  --------------  -------------------
/opt/airflow/dags/youtube_pipeline.py                           1           0  0.66s           2026-05-15T10:16:52
================================================================================
[2026-05-15T10:17:51.785+0000] {manager.py:878} INFO - 
================================================================================
DAG File Processing Stats

File Path                              PID    Runtime      # DAGs    # Errors  Last Runtime    Last Run
-------------------------------------  -----  ---------  --------  ----------  --------------  -------------------
/opt/airflow/dags/youtube_pipeline.py                           1           0  0.61s           2026-05-15T10:17:23
================================================================================
[2026-05-15T10:18:22.266+0000] {manager.py:878} INFO - 
================================================================================
DAG File Processing Stats

File Path                              PID    Runtime      # DAGs    # Errors  Last Runtime    Last Run
-------------------------------------  -----  ---------  --------  ----------  --------------  -------------------
/opt/airflow/dags/youtube_pipeline.py                           1           0  0.45s           2026-05-15T10:17:54
================================================================================
[2026-05-15T10:18:52.708+0000] {manager.py:878} INFO - 
================================================================================
DAG File Processing Stats

File Path                              PID    Runtime      # DAGs    # Errors  Last Runtime    Last Run
-------------------------------------  -----  ---------  --------  ----------  --------------  -------------------
/opt/airflow/dags/youtube_pipeline.py                           1           0  0.46s           2026-05-15T10:18:24
================================================================================
[2026-05-15T10:19:22.874+0000] {manager.py:878} INFO - 
================================================================================
DAG File Processing Stats

File Path                              PID    Runtime      # DAGs    # Errors  Last Runtime    Last Run
-------------------------------------  -----  ---------  --------  ----------  --------------  -------------------
/opt/airflow/dags/youtube_pipeline.py                           1           0  0.66s           2026-05-15T10:18:55
================================================================================
[2026-05-15T10:19:53.444+0000] {manager.py:878} INFO - 
================================================================================
DAG File Processing Stats

File Path                              PID    Runtime      # DAGs    # Errors  Last Runtime    Last Run
-------------------------------------  -----  ---------  --------  ----------  --------------  -------------------
/opt/airflow/dags/youtube_pipeline.py                           1           0  0.70s           2026-05-15T10:19:26
================================================================================
[2026-05-15T10:20:23.726+0000] {manager.py:878} INFO - 
================================================================================
DAG File Processing Stats

File Path                              PID    Runtime      # DAGs    # Errors  Last Runtime    Last Run
-------------------------------------  -----  ---------  --------  ----------  --------------  -------------------
/opt/airflow/dags/youtube_pipeline.py                           1           0  0.61s           2026-05-15T10:19:57
================================================================================
[2026-05-15T10:20:54.319+0000] {manager.py:878} INFO - 
================================================================================
DAG File Processing Stats

File Path                              PID    Runtime      # DAGs    # Errors  Last Runtime    Last Run
-------------------------------------  -----  ---------  --------  ----------  --------------  -------------------
/opt/airflow/dags/youtube_pipeline.py                           1           0  0.58s           2026-05-15T10:20:28
================================================================================
[2026-05-15T10:21:06.643+0000] {manager.py:737} INFO - Searching for files in /opt/airflow/dags
[2026-05-15T10:21:06.676+0000] {manager.py:740} INFO - There are 1 files in /opt/airflow/dags
[2026-05-15T10:21:24.833+0000] {manager.py:878} INFO - 
================================================================================
DAG File Processing Stats

File Path                              PID    Runtime      # DAGs    # Errors  Last Runtime    Last Run
-------------------------------------  -----  ---------  --------  ----------  --------------  -------------------
/opt/airflow/dags/youtube_pipeline.py                           1           0  0.46s           2026-05-15T10:20:59
================================================================================
[2026-05-15T10:21:54.997+0000] {manager.py:878} INFO - 
================================================================================
DAG File Processing Stats

File Path                              PID    Runtime      # DAGs    # Errors  Last Runtime    Last Run
-------------------------------------  -----  ---------  --------  ----------  --------------  -------------------
/opt/airflow/dags/youtube_pipeline.py                           1           0  0.56s           2026-05-15T10:21:29
================================================================================
[2026-05-15T10:22:25.653+0000] {manager.py:878} INFO - 
================================================================================
DAG File Processing Stats

File Path                              PID    Runtime      # DAGs    # Errors  Last Runtime    Last Run
-------------------------------------  -----  ---------  --------  ----------  --------------  -------------------
/opt/airflow/dags/youtube_pipeline.py                           1           0  0.62s           2026-05-15T10:22:00
================================================================================
[2026-05-15T10:22:55.746+0000] {manager.py:878} INFO - 
================================================================================
DAG File Processing Stats

File Path                              PID    Runtime      # DAGs    # Errors  Last Runtime    Last Run
-------------------------------------  -----  ---------  --------  ----------  --------------  -------------------
/opt/airflow/dags/youtube_pipeline.py                           1           0  0.86s           2026-05-15T10:22:31
================================================================================
[2026-05-15T10:23:26.340+0000] {manager.py:878} INFO - 
================================================================================
DAG File Processing Stats

File Path                              PID    Runtime      # DAGs    # Errors  Last Runtime    Last Run
-------------------------------------  -----  ---------  --------  ----------  --------------  -------------------
/opt/airflow/dags/youtube_pipeline.py                           1           0  0.71s           2026-05-15T10:23:02
================================================================================
[2026-05-15T10:23:56.557+0000] {manager.py:878} INFO - 
================================================================================
DAG File Processing Stats

File Path                              PID    Runtime      # DAGs    # Errors  Last Runtime    Last Run
-------------------------------------  -----  ---------  --------  ----------  --------------  -------------------
/opt/airflow/dags/youtube_pipeline.py                           1           0  0.67s           2026-05-15T10:23:33
================================================================================
[2026-05-15T10:24:26.858+0000] {manager.py:878} INFO - 
================================================================================
DAG File Processing Stats

File Path                              PID    Runtime      # DAGs    # Errors  Last Runtime    Last Run
-------------------------------------  -----  ---------  --------  ----------  --------------  -------------------
/opt/airflow/dags/youtube_pipeline.py                           1           0  0.52s           2026-05-15T10:24:04
================================================================================
[2026-05-15T10:24:57.068+0000] {manager.py:878} INFO - 
================================================================================
DAG File Processing Stats

File Path                              PID    Runtime      # DAGs    # Errors  Last Runtime    Last Run
-------------------------------------  -----  ---------  --------  ----------  --------------  -------------------
/opt/airflow/dags/youtube_pipeline.py                           1           0  0.76s           2026-05-15T10:24:35
================================================================================
[2026-05-15T10:25:27.282+0000] {manager.py:878} INFO - 
================================================================================
DAG File Processing Stats

File Path                              PID    Runtime      # DAGs    # Errors  Last Runtime    Last Run
-------------------------------------  -----  ---------  --------  ----------  --------------  -------------------
/opt/airflow/dags/youtube_pipeline.py                           1           0  0.85s           2026-05-15T10:25:06
================================================================================
[2026-05-15T10:25:57.777+0000] {manager.py:878} INFO - 
================================================================================
DAG File Processing Stats

File Path                              PID    Runtime      # DAGs    # Errors  Last Runtime    Last Run
-------------------------------------  -----  ---------  --------  ----------  --------------  -------------------
/opt/airflow/dags/youtube_pipeline.py                           1           0  0.71s           2026-05-15T10:25:37
================================================================================
[2026-05-15T10:26:06.845+0000] {manager.py:737} INFO - Searching for files in /opt/airflow/dags
[2026-05-15T10:26:06.887+0000] {manager.py:740} INFO - There are 1 files in /opt/airflow/dags
[2026-05-15T10:26:28.089+0000] {manager.py:878} INFO - 
================================================================================
DAG File Processing Stats

File Path                              PID    Runtime      # DAGs    # Errors  Last Runtime    Last Run
-------------------------------------  -----  ---------  --------  ----------  --------------  -------------------
/opt/airflow/dags/youtube_pipeline.py                           1           0  0.65s           2026-05-15T10:26:07
================================================================================
[2026-05-15T10:26:58.149+0000] {manager.py:878} INFO - 
================================================================================
DAG File Processing Stats

File Path                              PID    Runtime      # DAGs    # Errors  Last Runtime    Last Run
-------------------------------------  -----  ---------  --------  ----------  --------------  -------------------
/opt/airflow/dags/youtube_pipeline.py                           1           0  0.78s           2026-05-15T10:26:38
================================================================================
[2026-05-15T10:27:28.608+0000] {manager.py:878} INFO - 
================================================================================
DAG File Processing Stats

File Path                              PID    Runtime      # DAGs    # Errors  Last Runtime    Last Run
-------------------------------------  -----  ---------  --------  ----------  --------------  -------------------
/opt/airflow/dags/youtube_pipeline.py                           1           0  0.62s           2026-05-15T10:27:09
================================================================================
[2026-05-15T10:27:58.868+0000] {manager.py:878} INFO - 
================================================================================
DAG File Processing Stats

File Path                              PID    Runtime      # DAGs    # Errors  Last Runtime    Last Run
-------------------------------------  -----  ---------  --------  ----------  --------------  -------------------
/opt/airflow/dags/youtube_pipeline.py                           1           0  0.69s           2026-05-15T10:27:40
================================================================================
[2026-05-15T10:28:29.155+0000] {manager.py:878} INFO - 
================================================================================
DAG File Processing Stats

File Path                              PID    Runtime      # DAGs    # Errors  Last Runtime    Last Run
-------------------------------------  -----  ---------  --------  ----------  --------------  -------------------
/opt/airflow/dags/youtube_pipeline.py                           1           0  1.06s           2026-05-15T10:28:12
================================================================================
[2026-05-15T10:28:59.648+0000] {manager.py:878} INFO - 
================================================================================
DAG File Processing Stats

File Path                              PID    Runtime      # DAGs    # Errors  Last Runtime    Last Run
-------------------------------------  -----  ---------  --------  ----------  --------------  -------------------
/opt/airflow/dags/youtube_pipeline.py                           1           0  0.74s           2026-05-15T10:28:43
================================================================================
[2026-05-15T10:29:30.013+0000] {manager.py:878} INFO - 
================================================================================
DAG File Processing Stats

File Path                              PID    Runtime      # DAGs    # Errors  Last Runtime    Last Run
-------------------------------------  -----  ---------  --------  ----------  --------------  -------------------
/opt/airflow/dags/youtube_pipeline.py                           1           0  0.76s           2026-05-15T10:29:14
================================================================================
[2026-05-15T10:30:00.314+0000] {manager.py:878} INFO - 
================================================================================
DAG File Processing Stats

File Path                              PID    Runtime      # DAGs    # Errors  Last Runtime    Last Run
-------------------------------------  -----  ---------  --------  ----------  --------------  -------------------
/opt/airflow/dags/youtube_pipeline.py                           1           0  0.86s           2026-05-15T10:29:45
================================================================================
[2026-05-15T10:30:30.362+0000] {manager.py:878} INFO - 
================================================================================
DAG File Processing Stats

File Path                              PID    Runtime      # DAGs    # Errors  Last Runtime    Last Run
-------------------------------------  -----  ---------  --------  ----------  --------------  -------------------
/opt/airflow/dags/youtube_pipeline.py                           1           0  0.78s           2026-05-15T10:30:16
================================================================================
[2026-05-15T10:31:00.538+0000] {manager.py:878} INFO - 
================================================================================
DAG File Processing Stats

File Path                              PID    Runtime      # DAGs    # Errors  Last Runtime    Last Run
-------------------------------------  -----  ---------  --------  ----------  --------------  -------------------
/opt/airflow/dags/youtube_pipeline.py                           1           0  0.89s           2026-05-15T10:30:47
================================================================================
[2026-05-15T10:31:06.882+0000] {manager.py:737} INFO - Searching for files in /opt/airflow/dags
[2026-05-15T10:31:06.915+0000] {manager.py:740} INFO - There are 1 files in /opt/airflow/dags
